"operational_day","estimated_avoidable_deaths","BRI_Number.of.Surgical.Outliers","BRI_Number.of.Outliers..excluding.paediatrics..at.1000","Sirona...SG_DtA.P1.Referrals.Received","BRI_Number.of.critical.care.beds.available.at.8am..today.","Sirona...NS_DtA.P2.TOTAL.BOOKED.AND.UN.BOOKED.Waiting.for.capacity..medically.fit.and.ready.to.leave.ACUTE","Sirona...Bristol_Patients.Admitted.to.DtA.P2...YESTERDAY.S.DATA","WGH_Critical.Care.beds...Adult.critical.care.beds.occupied","Sirona...Bristol_DtA.P2.Referrals.Received","Sirona...SG_Patients.Admitted.to.DtA.P2...YESTERDAY.S.DATA","BRI_Resuscitation.Capacity.at.1000"
2023-03-16,0.343926569313021,0.325361459441409,-0.940266749877543,-0.335336496321449,0.831636308700576,1.7228670645779,0.560239510425053,1.09465268855998,0.31770748686245,-0.114037832461821,1.21791184099237
2023-03-17,0.481654004363922,-0.539807299187991,-1.08458319395273,-0.335336496321449,0.883659804829337,1.65344147077425,2.56960724892846,1.25233179293021,1.4065406421645,0.715852713628323,2.60489362136115
2023-03-18,0.566728406350219,-0.57470011213949,-0.831425258090206,0.70259574556527,2.05953595150195,1.77145331565443,0.38131574319592,1.32411310000083,-0.904381898366627,1.67370462832035,-0.117337056341665
2023-03-19,0.497218331783573,0.296807647408577,-0.169418105205466,0.493767313959409,1.9639958718215,1.56334173618883,-0.750754543110589,0.0712619551160192,-0.530679547660174,-0.80098020507967,0.0759077095475894
2023-03-20,0.833433300654605,0.280574622332219,-0.579231291515181,-0.433002608919068,0.692035146440569,2.01212075486485,-0.250411069372181,-1.16377354351676,-0.232612469190306,-0.554134867109241,-2.06501055010082
2023-03-21,1.12246116203417,-0.992394495420294,0.181907872795758,-0.63115057574689,-0.575401869587499,1.35396259763111,-1.86666504033089,-1.33414663245618,-1.36123732821639,2.13108913860611,-1.1396218046749
2023-03-22,1.10378954026298,0.415966531504122,0.732761098329918,0.0509449706050267,0.851701985567199,1.32827446589499,-0.695249783520575,-0.00234505563412869,-1.96761255904086,-0.961049587585192,-0.0864255059483524
2023-03-23,0.977485653165198,0.325361459441409,0.97653770815142,1.15273657314601,0.831636308700576,1.08776574447502,0.560239510425053,1.09465268855998,0.87380528428606,-1.00908175565627,-0.179625785896576
2023-03-24,1.50563020102176,0.97265396348929,0.606714857249296,-1.84965742632572,0.883659804829337,2.07684235084283,-1.08631904852521,0.101628590843152,0.85044284474089,2.50594056001722,-0.190181632416736
2023-03-25,0.542098686877499,0.937761150537791,-0.267659241022864,-0.205996812437292,0.744120101570966,2.4065546357573,-1.81224003527628,0.173409897913767,0.763911493904203,2.5687485515148,1.28020057054728
2023-03-26,0.56164722414966,1.05303827874722,-0.394924512032403,-0.111961058042299,0.648580021890514,2.83354437639458,-0.750754543110589,0.0712619551160192,-0.530679547660174,-0.80098020507967,0.774676522992062
2023-03-27,0.677832478575715,1.03680525367086,0.661053946032972,-0.130138422918214,0.692035146440569,2.64722207496773,-0.250411069372181,1.13763286065736,0.323485328233304,-0.554134867109241,-0.667472923211879
2023-03-28,1.20706154516697,-0.236163864081654,1.30943990693044,0.883170354257379,-0.575401869587499,2.83586567787114,0.326890738141316,-0.183443430369124,-0.805139530792778,1.23604521541166,0.95668463565852
2023-03-29,0.838945663879706,-0.340264099834519,1.18377391198379,-1.16051177339839,0.851701985567199,2.59847710610073,-2.15762030250204,-0.00234505563412869,-0.299319166770033,0.829038258803703,-0.0864255059483524
2023-03-30,0.832692117598151,-0.430869171897231,0.525524894497547,-0.361584356858263,0.831636308700576,1.29946618450931,-0.902131008556416,-0.056050513527084,-1.90668370283199,0.781006090732627,-0.878394599341048
2023-03-31,0.82870634336995,0.97265396348929,0.268455247008891,-0.941064868323157,-0.431756045101649,0.594939270602794,0.376051470456258,0.101628590843152,0.85044284474089,1.61089663682277,1.20735599447221
2023-04-01,0.69239135964268,-1.37245444989276,1.40083700920972,-0.475897348334333,-0.653874503103711,1.53606352017351,-0.943372484830887,-0.720395649419151,-1.0613776383532,0.183081734526847,1.66055888020113
2023-04-02,0.84526981797864,-1.25717732168333,1.27357173820018,-0.38186159393934,0.566001267146824,-0.153951139532131,0.118113007334808,-0.822543592216899,2.09281369947131,-0.501515252484277,1.15503483264591
2023-04-03,1.03233486409051,-1.27341034675969,0.863758551890468,-0.400038958815255,-0.705959458234108,0.506528319178182,-0.112728778417518,0.243827313324443,1.27868518309396,-0.254669914513847,-0.985883427002504
2023-04-04,0.809122910841457,-1.03391820183493,1.06113169913407,1.5218623763629,0.657435225599797,0.483471482047307,1.92694354807745,0.0734542243850176,1.26225591891509,0.640466244812605,-0.0604946815765781
2023-04-05,0.547649234871265,-1.13801843758779,0.935465704187415,-1.12754812329458,-0.546292619107478,-0.81241928989456,2.00158091565166,-0.896150602967047,-1.56851050160382,2.02354713459354,-0.404836009738978
2023-04-06,0.53081734274496,-1.2286235096505,-0.737562144020046,0.277107665247258,-0.566358295974101,-0.629527131245941,2.16029232036118,0.200847141227058,-2.06367944281856,0.185427120133572,0.899501337201744
2023-04-07,0.552933675024441,0.174899625736018,-1.10738499492217,-0.302372846217636,-1.82975064977633,0.571249915156161,-0.948636757570549,0.358526245597293,-1.53094408494012,1.01531766622372,1.58771430412606
2023-04-08,0.328331147996444,-0.616223818554121,-0.966980262473115,0.735559395669083,0.661541346827276,0.689261760036341,-0.212187225340152,0.430307552667909,0.0508179564940251,1.97316958091574,1.66055888020113
2023-04-09,0.545610249647764,-0.500946690344695,-1.31975194030959,-0.684725779940194,0.566001267146824,0.269449740536451,-0.613072252155927,0.328159609870161,-0.687675287646742,-0.501515252484277,1.15503483264591
2023-04-10,0.479794185279629,-0.517179715421052,-1.72956512661931,0.205689413186453,0.609456391696878,0.0831274391095993,-0.112728778417518,1.3945305154115,-0.389608209176874,-0.254669914513847,1.11042301333091
2023-04-11,0.640177947359158,-0.277687570496285,-1.53219197937571,-1.50677948364564,0.657435225599797,0.483471482047307,-0.997797489885491,0.0734542243850176,-0.962135270779346,-0.254577678381843,2.73458057220131
2023-04-12,0.656348751898043,-0.38178780624915,-1.8833643811493,-0.218955565292014,0.769123230823509,0.0343824702426055,-1.28875275205665,0.254552599120013,-1.01241270418021,0.233459288204649,3.08900805748339
2023-04-13,0.651534664821698,1.79629901570406,-1.41408136450086,-0.32862070675445,2.06447340388787,-0.41782669121165,-0.764448717601754,-0.949856060860003,-1.50758164539495,0.185427120133572,0.200732523757272
2023-04-14,0.34947433600954,-0.581331005602622,-2.12216382564339,0.909083897785779,0.801081050085647,-0.487252285015295,2.70728953988312,0.358526245597293,0.137349307330712,1.91036158941816,1.58771430412606
2023-04-15,0.429397848659704,-1.37245444989276,-2.4327719068482,-1.38448990633689,1.97695719675826,-0.792641320203698,-0.212187225340152,0.430307552667909,2.27520914618847,1.07812565772129,1.66055888020113
2023-04-16,0.748467100005529,-0.500946690344695,-3.01104999151162,1.73818770806664,-0.749414582784163,-0.789052459635005,-0.613072252155927,0.328159609870161,0.980618104624088,-0.501515252484277,1.85380364609038
2023-04-17,0.921744071794096,-0.517179715421052,-2.29333114368665,-0.400038958815255,0.609456391696878,-1.18707520109615,-0.112728778417518,1.3945305154115,-0.389608209176874,-0.254669914513847,-0.985883427002504
2023-04-18,0.671445736770074,-1.03391820183493,-1.75769838620265,0.00754144635863024,0.657435225599797,-0.998431598192732,0.464573029095978,-1.07724897770204,0.150060324067874,3.32559801439595,-0.0604946815765781
2023-04-19,0.716018995141053,-1.13801843758779,-1.99611758456276,0.0839086207088397,0.769123230823509,-0.600718849860268,0.173617766924822,1.40525580120707,0.65588068809062,-0.661584634989799,0.293932803705495
2023-04-20,0.573340057627718,-0.472392878311862,-1.41408136450086,-0.0257565207535956,-0.566358295974101,-0.629527131245941,-0.764448717601754,0.200847141227058,-0.951483847971338,-0.709616803060875,2.29703896409069
2023-04-21,0.661905125770169,-1.33756163694126,-2.00941062222992,-0.908101218219344,-0.51433479984534,0.35954947512187,1.24491902090166,1.50922944768435,-0.418748490092898,1.91036158941816,1.58771430412606
2023-04-22,0.338543616572764,2.40869870680044,-1.30523987271352,-1.38448990633689,0.661541346827276,0.900962200070632,-0.943372484830887,1.58101075475497,-0.505279840929585,1.97316958091574,0.961790066756654
2023-04-23,0.430720560318978,1.76774520367123,-1.20699873689612,-0.0789974079384858,0.566001267146824,1.5396523807422,-0.613072252155927,-0.822543592216899,-0.687675287646742,0.393528670710171,-0.941271607687509
2023-04-24,0.846540323545663,0.995281547256229,-1.16579910955196,-0.0971747728144011,0.609456391696878,0.929929199246765,-0.112728778417518,0.243827313324443,-0.389608209176874,0.6403740086806,-0.985883427002504
2023-04-25,0.732069684832954,0.478543060842355,-1.08117916572184,0.916134004361192,0.657435225599797,0.695171922081599,0.464573029095978,1.22415742647208,0.706158121491484,0.640466244812605,0.638274131867895
2023-04-26,0.539596365924384,-0.38178780624915,-1.43235156749542,0.386772806709694,0.769123230823509,0.457783350311188,0.173617766924822,-0.896150602967047,-1.01241270418021,-0.661584634989799,0.992701617149968
2023-04-27,0.729298997592462,1.04006838436542,-1.63958777132779,-0.631484892755303,-1.88177414590509,1.06407638902839,0.697921801379715,0.200847141227058,-1.50758164539495,-0.709616803060875,2.29703896409069
2023-04-28,0.609220709700663,1.6873608884133,-0.881878588095234,-0.60523703221849,-0.51433479984534,0.994650795224744,-0.948636757570549,0.358526245597293,-0.418748490092898,-0.77477018016518,-1.20736094965183
2023-04-29,0.730286676589309,-0.616223818554121,-1.98175909319433,-1.08162572033604,-0.653874503103711,-1.63944308034086,-0.943372484830887,0.430307552667909,1.71911134876486,0.183081734526847,-0.435747560132291
2023-04-30,0.622574339361417,-0.500946690344695,-1.77076475396346,-0.684725779940194,-0.749414582784163,0.904551060639325,0.118113007334808,1.47886281195722,-0.687675287646742,0.393528670710171,-0.941271607687509
2023-05-01,0.766800040643052,-0.671044089306096,-0.941414191742967,0.25981154758877,0.643897215394191,-0.495057721739285,-0.251091152924243,1.6179044343872,-0.344562032016006,-0.313530186835013,-0.0617513232079087
2023-05-02,0.675886500778657,-0.43155194438133,-0.0675218240185603,-1.14979316324247,2.0072918992281,-0.729814998904452,-0.404974604901481,0.296828143360711,-1.47318689104209,1.47664989568589,0.863637422218017
2023-05-03,1.16068770505717,-0.535652180134194,0.257824994688663,0.138030755111157,-1.82726764534115,0.0912986294965943,-0.695929867072637,1.62862972018277,-0.967366527019343,0.174599015883483,-0.179472719388855
2023-05-04,0.857637471948671,0.886204010480374,0.501601604510165,0.331229799649575,0.783498377654198,-0.784311412026243,0.559559426872991,0.424221060202752,-1.46253546823408,0.126566847812407,0.426095814107394
2023-05-05,0.899846251713982,0.0210352518509735,0.470038363848446,0.0546134741855353,0.83552187378296,-0.218635685727015,-1.08699913207727,0.581900164572987,1.2945910793388,0.95645739390255,-0.283228845857238
2023-05-06,0.384186268342254,-0.0138575611005251,0.610443096297502,-0.724639399932869,-0.619433679406397,0.322777039221748,0.380635659643858,-0.497021730443457,-1.01633146119233,0.124221462205681,-0.90915308322664
2023-05-07,0.523723798083827,0.857650198447541,0.257671418461026,-0.0248752735361684,-0.714973759086849,-0.308735420312434,-0.0202493671719165,0.551533528845855,-0.642629110485874,0.334668398389005,-0.715908317337386
2023-05-08,0.974484958863273,0.841417173371184,1.20089667311293,0.562675733589624,0.643897215394191,0.35174403839788,-0.251091152924243,0.467201232300137,0.767633562831214,0.581513736359434,-1.45928895009685
2023-05-09,0.942227675135788,1.08090931829595,1.73652943059693,-1.45265734924332,0.69187604929711,-0.306414118835869,-1.86734512388295,1.44753134544777,-0.917089093618478,-1.20848187389746,-0.533900204670928
2023-05-10,1.3341801016122,-0.535652180134194,2.06187624930416,-0.467697616890551,0.803564054520822,-0.755503130640571,-1.42711512656337,1.62862972018277,-1.52346432444295,0.174599015883483,-0.878241532833328
2023-05-11,1.11651587910444,0.129973379141733,0.83986121475057,1.23982235765214,0.783498377654198,0.485891228179505,-0.171625832617744,0.424221060202752,-1.46253546823408,0.126566847812407,0.426095814107394
2023-05-12,0.787563263168658,-0.735195379487667,-0.093727653218896,1.5689344041898,-0.479893976148027,-1.91223920600135,0.375371386904196,0.581900164572987,1.2945910793388,0.95645739390255,0.415539967587234
2023-05-13,0.527057241669944,-0.0138575611005251,-0.517088937837183,-0.724639399932869,-0.619433679406397,-0.312324280881126,1.11182091913459,0.653681471643603,-0.460233663768717,1.01926538540013,0.488384543662305
2023-05-14,0.606952160762359,0.101419567108901,0.144918215047558,0.277988912464686,0.600442090844137,-0.520435860346725,-0.0202493671719165,0.551533528845855,0.469566484361346,-0.560375524805443,-0.0171395038929132
2023-05-15,0.853075345911652,0.0851865420325437,0.411624249218654,0.25981154758877,0.643897215394191,-2.40036168204791,-0.251091152924243,0.467201232300137,1.32373136025482,-0.313530186835013,-0.760520136652381
2023-05-16,0.636563125107858,0.324678686957311,0.0452313793949081,0.667391952762656,-0.623539800633876,-0.306414118835869,-0.404974604901481,0.296828143360711,-0.917089093618478,1.47664989568589,0.164868608773545
2023-05-17,0.45967312762874,-0.535652180134194,0.596084604929068,-0.164833430889697,-0.511851795410164,0.302999069530886,0.766440651908832,0.477926518095707,-0.411268729595732,1.96468686227238,-0.179472719388855
2023-05-18,0.390938974431128,-0.626257252196907,0.0505887908562913,0.0283656136487215,-0.531917472276788,-0.36091053195766,0.559559426872991,-0.726482141884309,0.20575792403675,1.9166546942013,0.426095814107394
2023-05-19,0.299719737478456,-0.735195379487667,0.808297974088851,0.357477660186389,0.83552187378296,-0.853737005829889,-0.355813872586538,-0.568803037514073,-1.48589790777925,1.851501317097,1.81307759447618
2023-05-20,0.309092312573856,-1.52631882377781,0.0466770792301596,0.183953158069692,-0.619433679406397,-0.312324280881126,1.11182091913459,-1.64772493253052,1.20805972850211,1.91430930859458,0.488384543662305
2023-05-21,0.331783719626385,-1.41104169556838,-0.418847802019784,-0.630603645537876,0.600442090844137,-0.308735420312434,-0.751434626662651,0.551533528845855,0.469566484361346,0.334668398389005,-0.715908317337386
2023-05-22,0.361557840833704,-1.42727472064474,-0.490401378089094,0.562675733589624,0.643897215394191,-0.283357281704994,-0.251091152924243,0.467201232300137,0.767633562831214,-0.313530186835013,-0.0617513232079087
2023-05-23,0.494615662228253,-1.18778257571997,-0.631287841085903,-0.54406479124076,-0.623539800633876,-0.51811455887016,-1.86734512388295,-0.853875058726349,0.751204298652352,-0.313437950703009,-0.533900204670928
2023-05-24,0.416240311889192,-1.29188281147283,-0.869707039446022,-0.164833430889697,-0.511851795410164,-0.120401810537697,0.0352553924180972,0.477926518095707,1.2570246626751,0.174599015883483,-0.878241532833328
2023-05-25,0.357604289027226,0.129973379141733,-0.513177226211051,1.84555072965384,-0.531917472276788,-0.784311412026243,0.559559426872991,-0.726482141884309,-0.90643767081047,0.126566847812407,0.426095814107394
2023-05-26,0.276400641886359,-1.49142601082631,-0.093727653218896,0.963206032188097,-0.479893976148027,-2.33564008606993,1.10655664639493,1.73260336666005,-0.92980011035564,0.0614134707081021,-0.981997659301711
2023-05-27,0.185197553796077,-0.770088192439165,-0.855348548077588,0.7896815300714,2.01139802045558,-0.947425600984,0.380635659643858,-0.497021730443457,1.20805972850211,1.01926538540013,2.58469098399572
2023-05-28,0.175569748342264,-0.654811064229739,-1.65913303956794,0.277988912464686,0.600442090844137,-0.943836740415308,-0.0202493671719165,-0.599169673241205,0.469566484361346,0.334668398389005,0.681629309551559
2023-05-29,0.204381314484941,-0.671044089306096,-1.61793341222378,-0.0430526384120836,-1.98693448446778,-0.918458601807868,-0.251091152924243,-0.683501969786923,0.767633562831214,-0.313530186835013,0.637017490236564
2023-05-30,0.307558844290287,-0.43155194438133,-1.08230065473978,-1.45265734924332,-0.623539800633876,-0.941515438938743,-0.404974604901481,-0.853875058726349,-0.360991296194868,-0.313437950703009,0.164868608773545
2023-05-31,0.49107338314766,-0.535652180134194,0.257824994688663,-1.07342598889226,0.803564054520822,-1.17890401070915,0.0352553924180972,-0.672776683991353,-0.967366527019343,-0.720444907310965,0.519296094055618
2023-06-01,0.345550153753838,-0.768023934991568,0.310023189842464,-0.864787547396693,0.785239703242009,-0.766585735381893,-1.19078763369555,0.489514937884812,0.0541453641388692,3.62880116147179,0.208769255393333
2023-06-02,0.360102191403682,-0.876962062282328,1.06773237307502,-0.535675500859026,-0.478152650560216,-1.04771176921983,0.0873948453171211,0.647194042255047,1.14297851944092,-0.0165279084103045,0.896982222317645
2023-06-03,0.253440082997727,-0.911854875233826,-0.595914149091416,-1.61779256097828,-1.93310820374957,0.128802275831806,0.823844377547517,1.86967855141272,-0.0557484262429881,1.83636792947617,-0.427710828496229
2023-06-04,0.31757605949919,-0.0403471156857601,-0.610426216687486,0.293428309421832,-0.713232433499039,-2.19631370397671,-0.308225908758991,0.616827406527915,1.43014951931069,-0.638316903923849,0.464302750837498
2023-06-05,0.704827061415178,-0.0565801407621175,-0.118213775689454,-0.330477427455791,0.645638540982002,0.581170155076521,-0.539067694511318,0.532495109982197,0.0599232055097231,-0.39147156595342,-0.977846695366443
2023-06-06,0.801920609205192,0.93914263550129,0.0791593715541431,1.28855972172151,0.69361737488492,-0.0769880021572276,0.769419372492913,0.362122021042771,-1.62479945093997,-1.28642325301586,-0.0524579499405168
2023-06-07,0.337444704083389,-0.677418862928856,0.0662465800209612,0.759198524070012,0.805305380108632,0.320724746175236,-0.252721149168978,0.543220395777767,0.549314305353606,0.991701559959524,2.39827597567497
2023-06-08,0.448907106939882,-0.0117933036529279,0.648282800082869,-0.259059175394985,-0.530176146688978,0.0802160247552719,-0.459602374204819,0.489514937884812,-1.61414802813196,1.8387133150829,-1.18876837149561
2023-06-09,0.37044738551973,-0.120731430943688,0.729472762834618,-1.14140387286073,0.83726319937077,-1.894513529357,-0.643790414173613,0.647194042255047,2.25517411428814,1.77355993797859,0.896982222317645
2023-06-10,0.374017354260803,-1.66808550657247,-0.25765453885101,-0.709200002975722,3.32855519597437,0.340502715866097,-0.638526141433952,0.718975349325663,-0.0557484262429881,1.83636792947617,0.271057984948243
2023-06-11,0.707879461090044,-0.0403471156857601,-0.0466601996201437,-0.00943587657902163,-0.713232433499039,0.132391136400499,-0.308225908758991,0.616827406527915,0.317953924463465,0.256727019270598,-0.234466062606975
2023-06-12,0.89588510726686,-0.0565801407621175,1.57308427551257,0.578115130546771,-0.669777308948985,0.36946971504223,-0.539067694511318,0.532495109982197,1.72821659778055,1.39861628043548,-0.27907788192197
2023-06-13,0.847229711827983,0.93914263550129,1.09393820227536,-0.22576120828276,0.69361737488492,0.346412877911355,0.0382341130021785,0.362122021042771,2.2678851310253,-0.391379329821415,-0.751226763384989
2023-06-14,0.77216013851684,-1.4336494942675,0.291752986847898,-0.452258219933404,-0.510110469822354,0.320724746175236,-1.71509166815045,0.543220395777767,-0.00678349207000392,0.991701559959524,-1.09556809154739
2023-06-15,0.610083129528807,-1.52425456633021,1.09929561373674,-0.259059175394985,-0.530176146688978,0.0802160247552719,-1.19078763369555,-0.661188264202249,-1.61414802813196,1.8387133150829,0.208769255393333
2023-06-16,0.289794458868327,-1.63319269362097,0.278459949180745,-0.83853968685988,-0.478152650560216,-0.200910009082665,-0.643790414173613,-0.503509159832013,-1.08141267025352,-0.911571831604752,1.59575103576212
2023-06-17,0.171847680722819,0.600606387443454,0.0806050713893951,1.41084929903026,-1.93310820374957,-0.0828981642024851,1.55502963703825,-1.58243105484846,0.500349371180622,1.83636792947617,0.271057984948243
2023-06-18,0.262524019259489,1.47211414699152,0.517105817447198,0.596292495422686,0.602183416431948,-0.502710183702375,-0.308225908758991,-1.68457899764621,0.317953924463465,-0.638316903923849,1.16307156428197
2023-06-19,0.40262654417276,0.699650490576523,1.34757786868564,0.880979316547625,-0.669777308948985,-0.477332045094936,-0.539067694511318,-1.76891129419192,-0.496174591913887,-0.39147156595342,-0.977846695366443
2023-06-20,0.264732443874669,-0.573318627175991,0.417418981794548,-0.528625394283613,0.69361737488492,-0.0769880021572276,0.769419372492913,0.362122021042771,-1.06870165351636,1.39870851656748,2.0438484903929
2023-06-21,0.441768701188418,0.0788117684097846,0.17899978343443,-2.57230752193938,-0.510110469822354,0.744125626243818,1.94083462930323,1.69392359786483,-1.11897908691722,1.88674548315397,-1.09556809154739
2023-06-22,0.352948987203366,-1.52425456633021,-0.14098962381141,-0.864787547396693,-0.530176146688978,0.715317344858146,1.00276814477665,0.489514937884812,0.610243161562479,-0.846418454500448,0.208769255393333
2023-06-23,0.243103031102927,-0.876962062282328,-0.736318881540471,-0.83853968685988,-1.7935685004912,-0.412610449116957,1.54976536429859,0.647194042255047,0.586880722017309,-0.0165279084103045,0.896982222317645
2023-06-24,0.209935667614155,-0.911854875233826,-0.595914149091416,-1.61779256097828,-1.93310820374957,-1.14140036437394,0.092659118056783,-0.431727852761397,2.16864276345145,0.941324006281722,-0.427710828496229
2023-06-25,0.218245387311696,-1.55280837836304,-1.17419223375483,-0.312300062579876,0.602183416431948,-1.13781150380525,-0.308225908758991,-0.533875795559146,-0.794241670383755,-0.638316903923849,0.464302750837498
2023-06-26,0.309583330532105,-1.5690414034394,-1.0202394029972,-0.0276132414549369,-0.669777308948985,-1.11243336519781,0.192117564979417,-0.618208092104864,0.0599232055097231,-0.39147156595342,-0.27907788192197
2023-06-27,0.499287491434771,-0.573318627175991,-1.49938547623441,-2.04294632428788,-0.621798475046066,-0.712089322260102,1.50060463198365,0.362122021042771,-0.512603856092749,-0.391379329821415,-0.751226763384989
2023-06-28,0.2716394119324,-0.677418862928856,-1.17403865752719,-1.05798659193511,-0.510110469822354,-0.52607701396193,-0.252721149168978,0.543220395777767,-2.23117468176444,0.0966576367650761,0.301969535341556
2023-06-29,0.237647013243674,-1.52425456633021,-1.15576845453263,-1.4705159193984,-0.530176146688978,0.0802160247552719,-0.459602374204819,0.489514937884812,2.27853655383331,-0.846418454500448,-1.18876837149561
2023-06-30,0.266434514674835,-1.63319269362097,-0.84907208495394,1.8872379871478,-0.478152650560216,1.28099307115737,0.818580104807856,-0.503509159832013,0.586880722017309,0.878516014784143,1.59575103576212
2023-07-01,0.339460644240052,-0.407817896772674,-0.131607495380963,0.410205692771479,0.623762166170441,-0.884885420356392,0.345651318776425,0.74322320174523,0.0975604236893936,0.142878294742996,-1.43754186387603
2023-07-02,0.238040859654317,-0.292540768563248,0.417646454090309,-0.101486924835235,0.528222086489989,-0.8812965597877,-0.786418967530084,-0.509627943139579,0.471262774395847,-0.541718692268128,-0.5455282845423
2023-07-03,0.31828521051361,-0.308773793639605,0.458846081434468,-0.422528475712005,0.571677211040043,-1.70272018131743,-0.286075493791675,-0.593960239685297,-0.342865741981505,-0.294873354297698,-0.590140103857295
2023-07-04,0.304586855691127,-0.0692816487148379,0.092453211610722,1.49937285946615,0.619656044942962,-0.455574378242552,1.75359683270329,0.386369873462338,-0.359295006160368,-1.18982504136014,0.335248641568631
2023-07-05,0.21211295026573,-0.929612515806343,-0.59697880040327,-0.544309268189618,-0.584071799764312,-0.481262509978671,0.731456311041399,1.71817145028439,-0.409572439561232,0.193255848420798,-0.00909268659376861
2023-07-06,0.285401051595863,-0.263986956530415,-0.2404489871683,-0.0482460376503454,0.71127837330005,0.12503052873853,-0.937795432975911,-0.636940411782682,-0.904741380775969,1.04026760354417,0.596475846902481
2023-07-07,0.171390360109045,-1.12915571515982,-1.51229746537817,0.88659438088903,-0.552113980502175,-0.156095505099407,-0.390798213453971,1.82214509676167,1.85238516679691,1.87015814963431,-0.112848813062152
2023-07-08,0.287314814774441,-1.16404852811131,-1.25913952951565,-0.195522679230228,0.623762166170441,0.385317219849356,-1.84790445969578,-0.407480000341831,-0.458537373734217,1.03792221793744,0.658764576457391
2023-07-09,0.164647143549639,-0.292540768563248,-1.23606719597389,0.807105633167326,0.0897501365129938,-0.0344947996505344,-0.0552337080393493,-0.509627943139579,-0.640932820451373,-0.541718692268128,1.08493228016147
2023-07-10,0.255107614641457,0.447456837699035,-1.15728316749191,0.183199896289703,-0.305266688913948,-0.220817101077386,-0.286075493791675,0.556742962401764,0.213232055442105,-0.294873354297698,1.2732433986613
2023-07-11,0.413058934981925,1.44317961396244,-0.358559602043152,-1.22640481454153,-0.695759804988024,0.179526941860322,-0.439958945768914,-0.764333328624722,-0.359295006160368,2.39035065141765,1.73278626845758
2023-07-12,0.303440013361237,-0.173381884467703,-1.04799161405714,-1.75576601219303,0.731344050166674,-0.481262509978671,1.46264157053213,1.71817145028439,-0.409572439561232,1.08829977161525,-0.00909268659376861
2023-07-13,0.156306549368271,0.492243674808225,-0.804215004235642,0.557482334351362,-0.604137476630936,0.12503052873853,-1.66898069246665,-0.636940411782682,-0.348643583352359,1.93531152673862,1.99401347379143
2023-07-14,0.214730055819019,-0.372925083821175,-0.948531448310829,-0.62772654911524,-0.552113980502175,0.267305374969176,0.340387046036764,0.671441894674614,-0.928103820321139,-0.814973619949031,1.28468881382679
2023-07-15,0.181534432554719,0.348412734565967,-0.920879919275242,-1.40697942323364,3.25459386603241,-0.673184980322101,-0.385533940714309,-0.407480000341831,1.20975601853661,-0.752165628451452,-0.738773050431554
2023-07-16,0.147558582601744,-0.292540768563248,-1.27365159711172,-0.404351110836089,1.84363793642098,-0.669596119753408,-0.786418967530084,-0.509627943139579,-0.0848350230277633,0.35332523092632,0.153240528902173
2023-07-17,0.182425529256107,-0.308773793639605,-1.4579583765945,0.183199896289703,1.88709306097103,-0.644217981145969,-0.286075493791675,-1.74466344177236,0.213232055442105,-0.294873354297698,0.108628709587177
2023-07-18,0.179908794010801,-0.0692816487148379,-0.922325619110494,-1.22640481454153,1.93507189487395,0.179526941860322,-1.17114420525965,-0.764333328624722,0.752900588686853,-1.18982504136014,1.0340174550131
2023-07-19,0.250573742336899,-0.173381884467703,-1.04799161405714,-0.241445082188764,0.731344050166674,-0.0578616299100887,-1.4620994674308,-0.583234953889727,0.702623155285988,1.08829977161525,2.08721375373965
2023-07-20,0.325609110325826,-1.02021758786906,-1.14247461447605,-0.956838595652907,-0.604137476630936,0.12503052873853,-1.66898069246665,-0.636940411782682,0.207454214071251,-0.749820242844726,1.99401347379143
2023-07-21,0.217824172125965,-0.372925083821175,-0.723025041483892,-0.62772654911524,0.763301869428812,1.32580757514063,-2.58435399192618,-0.479261307412446,-0.372006022897529,0.0800703032454172,0.58592000038232
2023-07-22,0.193956453484332,1.10464336590461,-0.469867105621368,-0.195522679230228,-0.691653683760546,1.44381942002081,1.07683657826716,-1.55818320242889,1.20975601853661,0.142878294742996,-0.0400042369870817
2023-07-23,0.355943290392086,-0.292540768563248,-0.822638783457844,-0.404351110836089,0.528222086489989,1.6591087206238,-0.0552337080393493,-1.66033114522664,0.471262774395847,0.35332523092632,0.852009342346645
2023-07-24,0.405081594675103,-0.308773793639605,-1.4579583765945,-0.119664289711151,0.571677211040043,0.625984659059779,-0.286075493791675,-0.593960239685297,-0.342865741981505,-0.294873354297698,-0.590140103857295
2023-07-25,0.365885420682723,-0.825512280053478,-1.37333843276437,-0.620676442539827,0.619656044942962,0.814628261963196,1.02241157321256,-0.764333328624722,-0.915392803583978,-0.294781118165694,1.73278626845758
2023-07-26,0.313952451635452,0.582848746870937,-1.27349802088408,-0.847173454190472,-1.8994876496953,1.21234101029566,0.000271051550664626,-1.73393815597679,0.702623155285988,1.08829977161525,-0.00909268659376861
2023-07-27,0.294218702670197,-1.02021758786906,-1.36798102130298,-0.956838595652907,-0.604137476630936,0.760131848841404,0.524575086005558,-0.636940411782682,-0.348643583352359,1.93531152673862,-0.801061779986464
2023-07-28,0.390365962015623,1.13953617885611,-0.497518634656956,1.49232275289074,0.763301869428812,1.11410713510634,1.80275756501823,-0.479261307412446,0.184091774526081,-0.814973619949031,-0.112848813062152
2023-07-29,0.448120610509655,-0.407817896772674,-0.244360698794431,-0.801251051231936,-2.00706953369153,0.808718099917938,0.345651318776425,-2.70888640451595,-1.57073296858144,-0.752165628451452,-2.1363106773205
2023-07-30,0.273901361451835,-1.04877139990189,-0.597132376630907,0.807105633167326,-0.787193763440997,0.177205640383757,-0.786418967530084,-2.8110343473137,-0.640932820451373,-0.541718692268128,1.55077815579112
2023-07-31,0.232019518226976,-1.06500442497825,-1.23245196976756,0.183199896289703,-0.743738638890943,-0.00911666104309488,-0.286075493791675,-1.74466344177236,-0.342865741981505,-0.294873354297698,-1.28890891730177
2023-08-01,0.490379117551991,-0.0795506526093935,-0.977139437199555,0.145646043859741,-0.452184669368091,1.29847201442318,-0.447860840714401,-0.881418001245358,-0.845589376233779,0.559137575679214,0.0595302898795202
2023-08-02,0.670822017790106,-0.183650888362258,-0.7645458219058,0.222013218209951,-0.340496664144379,1.90788520278994,1.45473967558665,1.60108677766376,0.216328785212577,1.0471745422657,1.11272658860607
2023-08-03,0.64026095743175,-0.274255960424971,-0.29526280525736,-0.796244481255046,-0.360562341011002,1.66737648136998,0.516673191060071,1.5473813197708,-0.27884015600216,1.89418629738908,-1.77554894512005
2023-08-04,0.425916680323852,-0.383194087715731,-0.777838859572953,2.25864523929031,1.00687700504875,2.02135176763491,-0.398700108399459,0.554357222053978,0.25389520187628,0.933988997090325,0.31020164869321
2023-08-05,0.355228708969441,0.338143730671411,0.828357517251192,-0.0349285648323677,0.867337301790375,0.869160972309344,-0.393435835659797,-0.524564672962467,-0.388733946384018,0.996796988587903,-0.315722588676192
2023-08-06,0.43227425944097,-1.05904040379644,0.137326229174311,0.664835561564333,0.771797222109923,-1.03255412743058,-0.794320862475571,-0.626712615760215,-0.571129393101174,-0.582843921617668,-0.122477822786938
2023-08-07,0.688649135347072,-1.0752734288728,0.629538670172343,0.0409298246867099,0.815252346659977,0.0513262113483112,-0.293977388737163,0.439658289781127,-0.273062314631306,-0.335998583647239,-0.167089642101933
2023-08-08,0.616106263793678,-0.835781283948034,0.263145800348598,1.96283115986486,-0.452184669368091,0.239969814251728,-0.447860840714401,1.41998840292876,2.49099740830788,-1.23095027070968,-0.639238523564952
2023-08-09,0.404392591598769,0.572579742976382,0.588492619055821,-0.686579339792611,0.974919185786608,-1.05592095769014,-0.00763084339482289,1.60108677766376,0.216328785212577,1.0471745422657,1.11272658860607
2023-08-10,0.430386207745502,-0.274255960424971,-0.182509601843892,-0.796244481255046,-0.360562341011002,-1.08472923907581,-0.945697327921398,0.396678117683742,1.38945323626867,0.999142374194629,-0.378011318231103
2023-08-11,0.316575630213138,-1.13942471905437,-0.552332452746016,0.744324309286036,-0.308538844882241,-0.942454392845166,-1.12988536789019,0.554357222053978,-0.30220259554733,0.933988997090325,1.70773927558215
2023-08-12,0.259848043388266,0.338143730671411,-0.0736681100565553,-1.85211368083749,-0.448078548140612,-0.824442547964986,0.337749423830938,0.626138529124594,0.167363851039592,-0.793290857800992,1.08181503821275
2023-08-13,0.254910229765869,-0.302809772457803,-0.651946194719968,-0.243756996438229,-0.543618627821063,-0.609153247362002,-0.794320862475571,-1.77741581784728,0.541066201746046,-0.582843921617668,-0.82124663623141
2023-08-14,0.351788923345236,-0.31904279753416,-0.385240160548873,0.0409298246867099,-0.500163503271009,-0.16037422868598,-0.293977388737163,-1.86174811439299,-0.273062314631306,-0.335998583647239,-0.167089642101933
2023-08-15,0.398670345779153,1.43291061006789,-0.63887982695915,0.448510229860595,-0.452184669368091,-0.395131505851146,1.01450967826707,-2.03212120333242,1.37880181346066,0.559137575679214,0.0595302898795202
2023-08-16,0.283336887981331,1.32881037431502,-1.32831183897314,-1.59517189779517,-1.65591251407537,-0.632520077621556,2.18592493507738,-0.700319626510363,0.216328785212577,0.152130619071257,-0.28481103828288
2023-08-17,0.412800433895737,-1.03048659176361,-1.64830124621898,-1.40197285325675,0.954853508919984,-1.08472923907581,-0.214512068430664,0.396678117683742,0.27725764142145,0.104098451000181,-1.77554894512005
2023-08-18,0.387767891651662,0.37303654362291,-0.890592062986422,1.6529168672886,-1.62395469481323,-0.942454392845166,-0.398700108399459,0.554357222053978,-0.30220259554733,0.933988997090325,-1.08733597819574
2023-08-19,0.259057603427543,-0.418086900667229,-1.20120014419124,-1.54924949483664,-1.7634943980716,-1.45954386806786,-1.12462109515053,1.77684173121165,-0.388733946384018,0.101753065393456,0.38304622476828
2023-08-20,0.249838569388718,-0.302809772457803,-1.55397182202772,-0.243756996438229,-0.543618627821063,-0.820853687396293,-0.794320862475571,1.67469378841391,-0.571129393101174,0.31220000157678,-0.122477822786938
2023-08-21,0.423957713226388,-0.31904279753416,-1.85103180492396,0.343794010687564,0.815252346659977,-0.795475548788854,-0.293977388737163,0.439658289781127,0.839133280215914,0.559045339547209,-0.865858455546406
2023-08-22,0.630555384728833,-0.835781283948034,-1.65365865768037,-0.460082328141967,-0.452184669368091,-0.395131505851146,1.7456949377578,0.269285200841702,-0.289491578810169,-0.335906347515234,-0.639238523564952
2023-08-23,0.45489489434436,-0.561766204031579,0.70124582246929,0.222013218209951,-0.340496664144379,0.00258124248131742,-0.738816102885558,1.60108677766376,0.216328785212577,1.94221846546015,-0.983579851727352
2023-08-24,0.544484260605275,-0.274255960424971,1.08923551558285,0.415212262748369,-1.67597819094199,0.608874281198519,-1.67688258741213,0.396678117683742,-0.27884015600216,0.999142374194629,-1.07678013167558
2023-08-25,0.58855449824067,-0.00507877204641064,1.47722520869642,-1.37572499271994,1.00687700504875,-0.942454392845166,0.332485151091276,0.554357222053978,-0.30220259554733,-1.75114277249302,-1.08733597819574
2023-08-26,0.431450741718364,0.338143730671411,0.490097907010787,-1.54924949483664,-0.448078548140612,-2.09464518817073,-1.12462109515053,-1.67526787504953,-0.388733946384018,0.996796988587903,-0.315722588676192
2023-08-27,0.361134193403755,0.453420858880837,-0.426439787893031,0.664835561564333,-0.543618627821063,-2.09105632760204,-0.0631356029848366,-0.626712615760215,-0.0150315956775643,-0.582843921617668,-0.122477822786938
2023-08-28,0.249356879913115,-0.31904279753416,-0.723499770789278,0.646658196688418,0.815252346659977,-2.70077950909748,-0.293977388737163,-0.711044912305933,-0.273062314631306,-0.335998583647239,-0.167089642101933
2023-08-29,0.449163645899402,-0.0795506526093935,-0.0751138098918073,-1.36867488614453,-0.452184669368091,-1.87703458609119,-1.17904610020514,0.269285200841702,0.266606218613441,-1.23095027070968,2.15583673021294
2023-08-30,0.510453727119977,0.572579742976382,-0.7645458219058,-0.686579339792611,-0.340496664144379,-2.74952447796447,-0.738816102885558,-0.700319626510363,-0.895866809634643,-0.74291330412319,-0.28481103828288
2023-08-31,0.488547498132593,-0.274255960424971,-0.182509601843892,1.02094063475008,0.954853508919984,-2.77833275935014,0.516673191060071,0.396678117683742,0.27725764142145,0.104098451000181,1.01952630865784
2023-09-01,0.332850935091969,1.62921983962706,-1.06056938485452,-0.953123052707272,0.691641073865184,-2.66340317627839,1.88124831038282,-0.354122359416581,-0.428616738725986,1.7972535079134,-0.326347038788776
2023-09-02,0.380559809616176,0.0818657639982803,-1.59668387288628,-1.12664755482397,-2.07873032925516,-2.12199045132963,-1.76941371433119,-1.43304425443303,0.0409497078609366,1.86006149941098,1.84280397761971
2023-09-03,0.3577070958093,0.953373523546347,-1.61119594048235,-0.426883428427268,0.456561290926362,-2.75350291086381,0.0232570373252373,-1.53519219723077,2.08294545083822,-0.614623333989039,-0.759026510268923
2023-09-04,0.312058994232292,0.180909867131349,-1.90825592337859,-0.14219660730233,0.500016415476416,-3.15152565232495,-0.207584748427089,-0.468821291689432,0.156621339613648,-0.36777799601861,1.99143692419397
2023-09-05,0.716142900966778,-0.335828619282524,-2.16189558978887,-0.643208760131006,1.86341109931032,-1.69267940921579,0.369717059086407,-1.78989758271592,-0.415905721988825,1.42240208650229,-0.577018397602465
2023-09-06,0.740579928220893,1.07253240764189,-0.821769940360431,-0.566841585780797,0.659683254603047,-2.35346886105478,-0.652423462575484,-1.60879920798092,-0.466183155389689,0.120351206699886,-0.921359725764865
2023-09-07,0.756512036566997,0.225696704240539,-0.0142273134715862,-0.373642541242378,-0.675798272194563,-2.80567802250904,-2.32167520659279,-1.66250466587388,0.150843498242794,0.967362961823258,-0.315791192268615
2023-09-08,0.635687248011829,-0.639472054388861,-0.271296960960242,-0.0445304947047108,0.691641073865184,-1.81660141614123,-2.50586324656159,-1.50482556150364,0.127481058697624,-0.887878261669942,-0.326347038788776
2023-09-09,0.382208222412597,2.3505576580142,0.432873788556156,0.084809189179447,0.552101370606814,-1.48688913122675,-1.76941371433119,-0.282341052345966,-0.515148089562674,0.965017576216532,1.14403516417524
2023-09-10,0.53548237086147,0.953373523546347,-0.370910702934193,0.784573315576147,0.456561290926362,-1.48330027065806,0.0232570373252373,0.766214206943347,0.41465205856739,-0.614623333989039,-0.0602576968244504
2023-09-11,0.774056680317794,1.69337112980863,0.459561348304244,0.463531764699378,3.13084811533839,-1.45792213205062,-0.207584748427089,0.681881910397629,-0.399476457809962,-0.36777799601861,0.593899297305027
2023-09-12,1.16355210839312,1.17663264339476,0.205921681893967,-0.643208760131006,-0.767420600551652,-1.26927852914721,1.83208757806788,1.66221202354526,-0.972003519412435,0.527358163307843,-0.577018397602465
2023-09-13,0.514802996592348,1.07253240764189,0.982281314255064,0.947479344223473,0.659683254603047,-0.44816490074616,0.809947056405986,0.692607196193199,0.089914642033921,0.120351206699886,1.87371552801303
2023-09-14,0.284507920607944,0.225696704240539,-0.916252940779334,0.534950016760184,0.639617577736423,-0.476973182131832,0.603065831370145,1.7896049403873,-0.405254299180816,-0.822724884565638,-0.315791192268615
2023-09-15,0.440591231159109,0.116758576949779,0.0669626492801633,0.864062063297851,2.00705692379617,-0.334698335901187,-0.312307468089385,1.94728404475754,0.683578856121234,1.7972535079134,-1.72388466567772
2023-09-16,0.417268437080018,1.59432702667556,0.320120585142687,1.29626593318286,0.552101370606814,-0.00498605098671511,-0.307043195349723,2.01906535182816,-1.07124588698628,1.86006149941098,-0.253502462713705
2023-09-17,0.293384290162684,0.953373523546347,0.305608517546617,0.784573315576147,0.456561290926362,-0.00139719041802258,-0.707928222165497,0.766214206943347,-0.69754353627983,-0.614623333989039,-0.0602576968244504
2023-09-18,0.363480319970884,1.69337112980863,0.346808144890776,0.463531764699378,0.500016415476416,0.235681388223708,-0.207584748427089,0.681881910397629,2.38101252930809,-0.36777799601861,1.2926681107495
2023-09-19,0.524960642181278,-1.09205925062116,-0.245091131759907,-0.643208760131006,0.547995249379335,0.00092411105854239,1.83208757806788,1.66221202354526,0.696289872858396,0.527358163307843,-1.27578721104694
2023-09-20,0.356857442915288,-1.19615948637403,-0.258003923293089,-1.77829832978421,0.659683254603047,1.03373817949388,-0.652423462575484,-0.458096005893862,-1.57837875023691,-0.774692716494561,-0.222590912320392
2023-09-21,0.286412247841715,-1.28676455843674,-0.352486923711991,-1.28223509924494,0.639617577736423,-2.38227714244045,0.603065831370145,0.638901738300243,-0.961352096604426,-0.822724884565638,-1.71332881915756
2023-09-22,0.231756254389421,-1.3957026857275,-0.38405016437371,0.561197877296997,0.691641073865184,0.935504304304561,-2.50586324656159,0.796580842670479,-1.54081233357321,0.00716566152450589,0.372421774655697
2023-09-23,0.165489619563092,-0.67436486734036,-1.37117746605934,0.084809189179447,0.552101370606814,1.47691702925332,-1.03822845484046,0.868362149741095,-2.1834414818335,1.86006149941098,0.445266350730768
2023-09-24,0.218979658259883,-0.559087739130934,-0.59641710976113,-0.124019242426414,0.456561290926362,1.48050588982202,0.0232570373252373,0.766214206943347,0.41465205856739,-0.614623333989039,-0.0602576968244504
2023-09-25,0.430783650496016,0.180909867131349,-1.23173670289778,1.67498850870279,0.500016415476416,1.50588402842946,-0.207584748427089,0.681881910397629,0.156621339613648,-0.36777799601861,1.2926681107495
2023-09-26,0.85657696508105,0.420402012056116,-1.48537636930806,0.568247983872409,1.86341109931032,1.27112675126429,0.369717059086407,1.66221202354526,1.25238767028201,2.31744600969674,-0.577018397602465
2023-09-27,0.482841400759343,0.316301776303251,-1.49828916084124,-0.86970577178165,1.97509910453403,2.51564125973392,0.809947056405986,0.692607196193199,-1.57837875023691,1.01539512989433,1.17494671456855
2023-09-28,0.684238522088959,1.73815796691782,-0.916252940779334,-0.979370913244086,-0.675798272194563,2.06343209827966,-0.859304687611325,0.638901738300243,-1.51744989402804,0.0723190386288103,1.08174643462033
2023-09-29,0.607931303731983,0.116758576949779,-1.17332258826799,-0.347394680705565,-1.93919062599679,2.20570694451031,-1.04349272758012,-0.354122359416581,0.683578856121234,-0.887878261669942,-1.72388466567772
2023-09-30,0.44993723529691,2.3505576580142,-0.694658245578529,0.387673375180301,0.552101370606814,1.26521658921903,-0.307043195349723,-0.282341052345966,-1.07124588698628,-0.825070270172363,-0.952271276158178
2023-10-01,0.433815317204174,1.04017045605478,-1.05730216071651,0.107558551894635,0.702023777442882,0.0222404224565203,0.152316919153528,0.778413933163887,-0.752422742621294,-0.536151435493456,0.411755646206648
2023-10-02,0.570002316091239,1.78016806231706,-0.790596126545411,-0.213482998982134,-0.56993694793805,-0.164081878970331,-0.0785248665987979,-0.456621565468891,-0.454355664151426,-0.289306097523026,-1.03039379999729
2023-10-03,1.44827276769725,3.53212146991911,0.0832962411789965,0.496961592192605,-0.521958114035132,0.447962604001668,1.22996220040543,0.523708547678744,0.641410666516932,1.50087398499787,-0.105005054571367
2023-10-04,0.557753720199263,0.403098708811681,-0.718888974248465,-0.0323996054588934,0.905145741119567,-0.00112640780303403,0.207821678743542,0.704806922413739,1.14723103053968,1.09386702838992,0.249422430710706
2023-10-05,0.41327730843174,0.681442424804265,0.314160059467317,-1.05065730492389,-1.74575163560903,-0.66503600929158,0.732125713198436,0.651101464520784,0.0959642919013301,0.150790937124393,0.854990964206955
2023-10-06,0.407747172610137,0.959786140796849,-0.506675605088681,-0.418681072385369,-0.378312289549282,-0.311060723026644,-0.183247586261094,-1.4926258352831,0.62869964977977,-0.809406363174359,1.54320393113127
2023-10-07,0.35606373671765,0.168662696506711,-0.253517669226157,0.0135227974996423,-0.517851992807653,-0.404749318180755,-1.6403538325029,-0.270141326125425,-0.570027295904138,-0.74659837167678,0.218510880317393
2023-10-08,0.565857175613868,-0.472290806622504,-0.944548957303038,-0.498169820107073,0.702023777442882,-0.612860897646354,0.152316919153528,0.778413933163887,-0.752422742621294,-0.536151435493456,1.80929327309559
2023-10-09,0.41832749439581,-0.488523831698861,-0.1140769060646,-0.516347184982988,0.745478901992936,-0.375782319004623,-0.0785248665987979,0.694081636618169,-0.454355664151426,0.605737825671421,-0.331624986552821
2023-10-10,0.92022064374248,-1.00526231811273,-0.254963369061409,-0.411630965809957,0.793457735895855,-0.82224003620408,-0.232408318576036,0.523708547678744,1.19750846394054,-0.289213861391022,-0.105005054571367
2023-10-11,0.66578795877882,1.15932934015032,0.634149466713157,-0.940992163461455,-0.41027010881142,-0.847928167940199,-0.523363580747192,0.704806922413739,-0.521062361731153,-0.696220817998978,0.948191244155178
2023-10-12,0.618749048105164,-0.443736994589671,-0.362359161013494,0.160799439079525,-0.430335785678043,-0.453335569257289,0.000940453707701105,0.651101464520784,-0.46013350552228,0.150790937124393,0.854990964206955
2023-10-13,0.34786890085169,0.959786140796849,-0.0556627914348073,-0.418681072385369,-1.69372813948027,0.112340157041939,-0.914432845751828,-0.341922633196041,1.74089524462699,0.085637560020089,0.145666304242322
2023-10-14,0.410702809784631,-0.58756793483193,-0.591777279466562,0.316386983500496,-0.517851992807653,-0.828150198249337,-1.6403538325029,0.880561875961635,-0.570027295904138,-0.74659837167678,-0.48025793312708
2023-10-15,0.376022478036924,-0.472290806622504,0.182983076831647,-0.801034006107927,0.702023777442882,-0.401160457612062,-0.578868340337206,-0.372289268923173,-0.196324945197684,-0.536151435493456,1.80929327309559
2023-10-16,0.661687066989329,-0.488523831698861,-0.677842923131942,0.0893811870187196,2.06089475192392,-0.375782319004623,-0.0785248665987979,0.694081636618169,0.101742133272184,-0.289306097523026,1.7646814537806
2023-10-17,1.04840357393859,0.507198944564546,0.308802648005933,-1.01735933781166,0.793457735895855,0.0245617239330852,-0.232408318576036,0.523708547678744,-1.0268827257539,0.605830061803426,1.29253257231758
2023-10-18,0.604043697590384,-1.1093625538656,0.746902670126625,-0.335263791459747,0.905145741119567,-0.847928167940199,-1.98573409972866,-0.445896279673321,-1.63325795657837,0.19882310519547,-0.449346382733767
2023-10-19,0.634883716760607,-0.443736994589671,0.201406856053849,-0.444928932922183,0.885080064252943,-0.453335569257289,-0.730244805783034,0.651101464520784,-2.12842689779311,2.83592270670774,0.854990964206955
2023-10-20,0.396336701207407,-1.30890575321907,0.620856429046003,0.489911485617192,0.937103560381705,-1.58126336323239,-0.914432845751828,1.95948377097808,0.07260185235616,1.87572540640898,0.844435117686795
2023-10-21,0.69285493655181,0.168662696506711,-0.479024076053094,0.0135227974996423,-1.83326784273864,-1.25155107831792,-0.909168573012166,2.0312650780487,1.09826609636669,0.148445551517668,0.917279693761866
2023-10-22,0.856392209787346,-0.472290806622504,-0.606289347062632,0.107558551894635,-1.92880792241909,-1.24796221774923,-0.578868340337206,1.92911713525095,0.359772852225926,-0.536151435493456,-0.985781980682298
2023-10-23,1.34723794535623,-1.2447544630375,-0.790596126545411,-0.213482998982134,0.745478901992936,0.471019441132542,-0.0785248665987979,-0.456621565468891,-0.454355664151426,-0.289306097523026,-1.03039379999729
2023-10-24,0.721201697295717,1.26342957590319,-0.14221016564794,-0.108766779809103,-0.521958114035132,0.0245617239330852,0.498776940914698,-0.626994654408317,-1.0268827257539,0.605830061803426,-0.105005054571367
2023-10-25,0.544247340951537,1.15932934015032,-0.380629364008059,-0.335263791459747,0.905145741119567,-0.424527287871617,0.939006938234277,-1.59659948176038,-0.521062361731153,0.19882310519547,0.249422430710706
2023-10-26,0.657296439439048,-1.19996762592831,-0.136852754186557,0.766527811081233,-0.430335785678043,0.605166630914167,0.000940453707701105,-0.499601737566276,-1.01623130294589,0.150790937124393,0.156222150762483
2023-10-27,0.419044386078026,-0.552675121880431,-0.393922401675213,-1.32727363038793,0.937103560381705,0.112340157041939,-0.183247586261094,-1.4926258352831,-1.03959374249106,-0.809406363174359,0.844435117686795
2023-10-28,0.316254363376326,-1.34379856617057,-0.366270872639625,0.0135227974996423,-0.517851992807653,0.44205244195641,-1.6403538325029,-1.42084452821249,-1.12612509332775,0.148445551517668,1.61604850720634
2023-10-29,0.36433010315201,-1.22852143796114,-1.50831497437038,0.107558551894635,0.702023777442882,0.445641302525103,0.152316919153528,-0.372289268923173,-0.752422742621294,1.25393641089544,1.80929327309559
2023-10-30,0.598162199086833,-1.2447544630375,-1.91812816068009,-0.213482998982134,0.745478901992936,0.682719881166834,-0.0785248665987979,0.694081636618169,0.101742133272184,-0.289306097523026,-0.331624986552821
2023-10-31,0.964278471720054,-0.249031686774094,0.308802648005933,-1.32022352381252,-0.521958114035132,-1.03394047623837,2.6923327193869,0.523708547678744,0.0853128690933218,-1.18425778458547,-0.105005054571367
2023-11-01,1.23583158707512,-1.1901986772913,0.0677942154313371,-1.48296364832662,0.897472003505792,-1.02181544749304,-0.718024866096416,0.107256150227173,-0.98638912178714,0.259321152913656,-0.734964407319435
2023-11-02,0.825586863611031,-1.28080374935401,0.311570825252839,-0.0783078597847859,0.877406326639169,-1.05062372887871,-0.193720831641523,0.0535506923342174,0.186735329268953,1.10633290803703,-0.828164687267658
2023-11-03,0.34119688479588,-1.38974187664477,0.505513991418057,0.856532558754589,0.92942982276793,-1.54345020275094,1.08446164737115,-2.09017660746967,0.719470687147393,0.146135607738276,0.558817093101127
2023-11-04,0.364861561625329,-0.668404058257626,-0.481613310267571,-0.831312873366377,-0.525525730421427,-1.63713879790505,1.08972592011081,-2.01839530039905,-0.479256258536514,-1.58114424715304,-0.0671071442682746
2023-11-05,0.59688371879856,-0.5531269300482,-0.157865767623236,-0.737277118971384,-0.621065810101879,-1.63354993733636,-0.77352962568643,-2.1205432431968,-0.105553907830061,-0.475653387775269,0.12613762162098
2023-11-06,0.837121593493614,-0.569359955124557,0.898112690442138,0.153138074155262,2.05322101431015,-1.60817179872892,-0.273186151948022,0.0965308644316026,-0.363584626783803,-0.22880804980484,0.0815258023059843
2023-11-07,0.826021549333154,-0.32986781019979,-0.0320461964489494,-0.953602450675122,2.10119984821307,-1.20782775579121,1.76648617454694,1.07686097757924,-0.936111688386275,1.56137203271606,-1.78816070604598
2023-11-08,0.863158535467558,0.322262585385985,0.857066639325616,-1.18009946232577,-0.417943846425194,-1.65691676759591,-0.718024866096416,1.25795935231423,0.12580647306008,2.04940899930255,-0.0361955938749619
2023-11-09,0.828879787761331,-0.524573118015367,0.537077232079776,-0.684036231786494,-0.438009523291818,-0.838923288844422,-0.193720831641523,0.0535506923342174,0.186735329268953,0.21128898484258,-0.129395873823185
2023-11-10,0.406934766336906,1.63518064870979,0.956526805071931,-0.354924185248827,-0.385986027163056,-0.908348882648068,-0.377908871610317,1.36193299879151,0.163372889723783,2.83126737732162,1.2575859065456
2023-11-11,0.341080087902309,1.60028783575829,1.66069755458833,-1.43704124536808,-0.525525730421427,-1.21373791783647,0.358540660620079,1.43371430586213,0.0768415388870958,1.1039875224303,0.631661669176198
2023-11-12,0.509012664628646,0.959334332629081,0.293147046030638,1.07990799703374,-0.621065810101879,-0.786748177199195,-0.0423443661956955,1.33156636306438,0.450543889593549,-0.475653387775269,-0.572631191823493
2023-11-13,0.534403293221663,0.943101307552723,0.334346673374796,-0.452590297846445,0.737805164379161,-0.761370038591756,0.457999107542713,1.24723406651866,-0.363584626783803,-0.22880804980484,0.780294615750457
2023-11-14,0.763813129604692,-0.32986781019979,-0.821318620343228,-1.25646663667598,0.78578399828208,-0.572726435688339,-0.42706960392526,1.07686097757924,0.176083906460945,1.56137203271606,0.308145734287438
2023-11-15,0.377484369910645,1.83472384806327,0.857066639325616,1.24281402568107,-0.417943846425194,-1.23351588752733,0.0131603933943183,1.25795935231423,-1.54248691921075,-0.635722770280791,0.662573219569511
2023-11-16,0.642839343023605,1.74411877600055,-0.252195191814503,-0.986900417787347,-0.438009523291818,0.00787847129274305,-0.193720831641523,1.20425389442128,0.742833126692563,0.21128898484258,-0.828164687267658
2023-11-17,0.368979866685794,2.39141128004843,-0.0582520256492847,-0.354924185248827,-0.385986027163056,-0.0615471225109028,1.08446164737115,1.36193299879151,0.163372889723783,1.04117953093272,1.95635471999007
2023-11-18,0.556230352362369,-0.668404058257626,-0.707119717094508,-0.528448687365523,0.789890119509559,0.268165162403569,0.358540660620079,1.43371430586213,-0.479256258536514,-1.58114424715304,-0.765875957712747
2023-11-19,0.748167365078615,-0.5531269300482,0.180393842617169,-0.131548746969676,-0.621065810101879,0.0600535829379698,-0.77352962568643,1.33156636306438,1.00664168701716,-0.475653387775269,-0.572631191823493
2023-11-20,0.817018817072467,-0.569359955124557,-0.229419343692546,-0.452590297846445,0.737805164379161,-0.126268718488882,0.457999107542713,1.24723406651866,-0.363584626783803,-0.22880804980484,0.780294615750457
2023-11-21,0.672425354638917,-0.32986781019979,0.982732634272267,-0.347874078673414,0.78578399828208,0.697476204517409,-1.15825486341599,1.07686097757924,0.176083906460945,-1.12375973686728,-1.08939189260151
2023-11-22,0.728886877741639,-0.433968045952655,0.631560232498679,-0.574371090324058,-0.417943846425194,0.671788072781289,2.20671617186652,0.107256150227173,1.2380020679073,-0.635722770280791,1.36134203301398
2023-11-23,0.549828165763762,0.231657513323273,-0.0266887849875658,-0.986900417787347,-0.438009523291818,-0.627222848810131,-1.65609135062299,1.20425389442128,-0.369362468154657,-1.57879886154632,-1.52693350071213
2023-11-24,0.485158161260437,-0.633511245306127,-0.847524449543564,-0.960652557250534,-0.385986027163056,-0.0615471225109028,0.353276387880417,0.211229796704453,0.163372889723783,-1.64395223865062,-0.139951720343345
2023-11-25,0.367529613007226,-1.42463468959627,-1.83465175122919,-0.831312873366377,0.789890119509559,-0.790337037767888,-0.372644598870656,-0.867692098311992,-1.03535405596012,-1.58114424715304,-0.765875957712747
2023-11-26,0.720856159657657,-1.30935756138684,-1.51090420858486,-0.43441293297053,2.00976588976009,-0.575047737164904,-0.77352962568643,1.33156636306438,-0.661651705253671,-0.475653387775269,0.824906435065452
2023-11-27,1.18846590285045,-1.3255905864632,-1.58245778465417,-0.452590297846445,0.737805164379161,-0.549669598557465,-0.273186151948022,1.24723406651866,-0.363584626783803,0.666235873389608,0.0815258023059843
2023-11-28,1.01834879236524,-0.32986781019979,-0.821318620343228,-1.25646663667598,3.41661569814405,-0.78442687572263,1.76648617454694,-0.0738422245078229,-0.936111688386275,-0.228715813672835,-0.390623079157035
2023-11-29,0.564544570168115,-1.1901986772913,-0.495971801636005,0.637085653679357,0.897472003505792,0.0366867526784155,0.0131603933943183,-2.19415025394695,-0.43029132436353,2.04940899930255,-0.734964407319435
2023-11-30,0.716489001833481,-0.524573118015367,-1.15422081912225,-0.986900417787347,0.219698401673675,0.00787847129274305,-1.65609135062299,-1.09715250975284,1.85502872153978,-0.683754938351868,-0.129395873823185
2023-12-01,0.469938983525973,-0.0614749655173629,-1.17369681409596,1.50681861216078,-0.614138419826275,1.0144430426551,0.960147644634416,1.40515753348171,-0.330400017481523,0.0886738292431951,0.0658466079452878
2023-12-02,0.493582761228487,-0.852598409807502,-1.0332920816469,-1.3924835639636,-0.753678123084647,-0.561148632739046,-1.22814386109813,1.47693884055232,0.1391664291054,-1.63860602564812,0.837459997464831
2023-12-03,0.371246270787137,-1.49355191293672,-0.935050945829502,-0.0869910655651945,-0.849218202765098,0.712642868035394,2.75808266903051,1.37479089775457,-0.043229017611756,-0.53311516627035,-0.36683286353486
2023-12-04,0.748319847265442,0.00267632466420731,-0.555591708244938,-0.10516843044111,-0.805763078215044,0.738021006642834,0.333685104805977,-1.01094780296526,0.254838060858112,0.608774094894527,-0.411444682849855
2023-12-05,1.66477800543529,-0.514062161749666,-0.245465357587873,-1.8176373272732,-0.757784244312125,0.0798628494090853,0.179801652828739,1.12008551226943,-0.873786798167971,-0.286177592167916,0.513944062576071
2023-12-06,1.03432311582073,0.89429886517475,-0.709390962774929,1.28737170708555,0.669319610842573,0.054174717672966,-0.842338868833152,1.30118388700443,0.744229160701995,-0.693184548775872,-1.22793489247527
2023-12-07,0.787352331517519,0.803693793112037,-0.24010794612649,0.571978193621402,0.64925393397595,-0.821435323849872,0.413150425112476,1.24747842911147,-0.307037577936353,0.1538272063475,0.0764024544654478
2023-12-08,0.842872929917289,-1.57393622819464,-0.271671186788209,-1.52182324784776,-0.614138419826275,0.37934172255223,-1.23340813383779,0.254454331394646,-0.886497814905133,0.983717752437643,-0.632922205499185
2023-12-09,0.736785604821072,-1.60882904114614,0.094239952487783,1.03042992404323,-0.753678123084647,1.55585576760387,-1.95932912058886,1.47693884055232,0.1391664291054,0.151481820740774,0.837459997464831
2023-12-10,1.05445336310038,-0.737321281598076,0.0797278848917135,-0.0869910655651945,-0.849218202765098,1.55944462817256,-0.897843628423166,-0.926615506419547,0.512868779811854,-0.53311516627035,-0.36683286353486
2023-12-11,2.08993749049525,-0.753554306674433,1.02295313954362,-0.10516843044111,0.509652771715942,1.58482276678,-0.397500154684757,-1.01094780296526,-0.301259736565498,-0.28626982829992,0.287324130594618
2023-12-12,1.47571239909614,-0.514062161749666,-0.358218561001342,-0.90904476927064,0.557631605618861,-0.343538030659497,-0.551383606661996,1.12008551226943,-0.317689000744361,-1.18122151536236,-0.883593564312875
2023-12-13,1.01669052027183,-0.618162397502531,-0.371131352534524,-1.13554178092129,0.669319610842573,0.477575597741549,0.620031650148317,1.30118388700443,0.188131363278384,-0.693184548775872,-1.22793489247527
2023-12-14,0.462084032309738,-0.708767469565243,-0.465614352953427,-0.639478550382013,-0.666161915955037,-0.186334003746998,0.413150425112476,0.0967752270244106,-0.307037577936353,1.9439150527364,0.0764024544654478
2023-12-15,0.535018603362858,1.45098629715992,0.179341626865665,-0.6132306898452,-1.92955426975726,-0.467460037584935,-0.502222874347053,0.254454331394646,-1.44259561232874,1.87876167563209,0.0658466079452878
2023-12-16,0.326400308106816,2.9285547468857,-0.807785674819965,-0.181026819960188,0.56173772684634,-1.40795039287621,0.234226657883343,0.326235638465262,0.1391664291054,0.151481820740774,-0.560077629424114
2023-12-17,0.537168125138731,1.53137061241784,-1.27331055606991,-0.0869910655651945,-0.849218202765098,-1.61606197234181,-0.897843628423166,0.224087695667514,-0.599326815035366,-0.53311516627035,-0.36683286353486
2023-12-18,0.974910588698362,1.51513758734149,-1.68312374237962,-0.10516843044111,-0.805763078215044,-1.59068383373437,-0.397500154684757,0.139755399121796,0.254838060858112,-0.28626982829992,0.98609294403909
2023-12-19,0.804734334408252,-1.27029279308831,-2.38777622244377,-0.00045221126807846,-2.07320009424311,-0.978639350762371,0.179801652828739,1.12008551226943,-0.873786798167971,0.608866331026532,-0.883593564312875
2023-12-20,0.927585238902713,-1.37439302884117,-1.83692299690961,1.28737170708555,0.669319610842573,-0.369226162395617,-2.30470938781462,-1.00022251716969,-0.367966434145226,-0.693184548775872,0.868371547858143
2023-12-21,0.505691505636171,-0.708767469565243,-1.25488677684771,2.99489168162823,3.28008563383792,-0.186334003746998,1.87552094409395,-1.05392797506265,-1.41923317278357,1.9439150527364,0.77517126790992
2023-12-22,0.504981638967118,1.45098629715992,-1.62470962774983,-0.6132306898452,0.701277430104711,0.802742602620813,1.69133290412515,-0.896248870692414,-0.886497814905133,0.0886738292431951,1.46338423483423
2023-12-23,0.290219693323954,-0.0963677784688617,-1.48430489530077,-1.3924835639636,1.87715357677733,-2.04305171297909,0.396744637850992,1.47693884055232,1.80745982137623,-0.743562102453674,0.138691184020359
2023-12-24,0.2255883392295,0.0189093497405644,-1.94982977655072,-0.0869910655651945,1.78161349709687,-1.40436153230752,-0.897843628423166,-0.926615506419547,0.512868779811854,-0.53311516627035,0.331935949909613
2023-12-25,0.237488704647863,0.00267632466420731,-2.35964296286043,0.197695755559744,1.82506862164693,-1.37898339370008,-0.397500154684757,-1.01094780296526,0.810935858281722,-0.28626982829992,0.287324130594618
2023-12-26,0.31649754805564,0.242168469588974,-2.04951661220337,-2.42336569927491,3.18846330548083,-1.19033979079666,-2.01375412564347,-0.0306176898176297,-0.873786798167971,-1.18122151536236,0.513944062576071
2023-12-27,0.537638924352649,0.138068233836109,-1.94967620032308,-1.74127015292299,3.30015131070455,-1.21602792253278,-2.30470938781462,-1.00022251716969,-2.03625982641606,-0.693184548775872,0.169602734413671
2023-12-28,0.91947163210448,-0.708767469565243,-1.81865279391505,0.269114007620548,0.64925393397595,-0.821435323849872,1.87552094409395,-1.05392797506265,-1.41923317278357,0.1538272063475,1.47394008135439
2023-12-29,0.568513289041791,-0.817705596856003,-1.28645001750942,-0.310366503844346,-1.92955426975726,-0.890860917653517,1.69133290412515,-0.896248870692414,0.225697779942087,-1.7014140171457,0.0658466079452878
2023-12-30,0.366307109286888,0.659862852869779,-1.14604528506037,-1.08961937796275,-0.753678123084647,-0.561148632739046,0.965411917374078,0.326235638465262,0.69526422652901,1.04652574393522,0.138691184020359
2023-12-31,0.857810093056456,-0.737321281598076,-1.04780414924297,-0.692719437566902,1.78161349709687,-1.19266109227323,-0.166658368932431,1.37479089775457,1.06896657723546,-0.53311516627035,-0.36683286353486
2024-01-01,1.09159870702997,-0.658846821058699,-1.31604580308448,-1.01677727942558,2.19976542498998,-2.08394919640525,-0.146261725040265,1.12916490231796,1.01478813946393,-0.113027515868515,-0.437433480973755
2024-01-02,1.20084204721709,-1.17558530747257,-1.00591945242742,-2.42638199025681,0.932328408961912,-1.26020427339896,-1.03133043650824,0.958791813378536,-1.22603231440937,-1.00797920293096,-0.210813548992302
2024-01-03,1.22153173012273,1.74523698212912,1.23623182430877,-2.65287900190746,-0.271399435745363,-0.227390204963626,-1.32228569867939,1.13989018811353,-2.38850534265746,-0.519942236344467,-0.555154877154701
2024-01-04,0.88668784044847,0.142170647389131,0.352476399995586,-1.55108739936648,-1.60688096254297,-0.891299806452173,-1.52916692371524,1.08618473022058,-1.21538089160136,0.327069518778905,0.749182469786021
2024-01-05,0.763871040839819,-0.722998111240269,0.433666362747335,-1.82770372483052,2.39139008337875,-0.960725400255819,1.94257133376964,0.0931606325037519,-0.682645533722924,-0.633127781519847,0.0398578098213878
2024-01-06,0.456261619877566,-0.757890924191768,-0.440707735524825,-1.69836404094636,-0.378981319741596,-0.419312675307056,0.485465087527836,0.164941939574368,0.34301871028761,-1.46536371321672,1.5102400127854
2024-01-07,0.76352727224354,-1.39884442732098,-0.342466599707427,-0.0900073565471,-0.474521399422047,0.219377505364511,-0.646605198778674,0.0627939967766196,-0.951572331276767,0.535171069355503,1.00471596523019
2024-01-08,0.607184690589606,-1.41507745239734,-0.301266972363268,-0.108184721423015,-1.74648212480298,0.24475564397195,-0.146261725040265,-1.17224150185616,0.458690342040321,0.782016407325933,0.96010414591519
2024-01-09,0.511665647926989,-1.17558530747257,-0.554906638773546,0.905124055752578,0.932328408961912,0.221698806841076,-0.300145177017503,-0.191911388708524,-1.22603231440937,-0.11293527973651,-0.909582362436774
2024-01-10,0.572108863332405,-0.523454911886797,0.785219010654894,-2.04715062990575,-1.58681528567635,-0.227390204963626,-1.32228569867939,-0.0108130139735283,0.391983644460594,-1.41498615953891,-0.555154877154701
2024-01-11,0.636408991067996,0.142170647389131,1.14174882388986,1.17469027464121,1.023950737319,-0.0444980463150074,-0.797981664224501,-1.21522167395354,-1.77147868902497,-0.567974404415543,1.44795128323049
2024-01-12,0.341602763778751,0.0332325200983709,0.997432379814677,0.595209763176311,-0.239441616483225,-0.537324520187236,0.480200814788174,-1.63289417062684,-0.126547736299313,1.15696006486905,-1.35767981706756
2024-01-13,0.497640282049858,0.754570338485512,0.348564688369454,-0.486907296942947,3.56726623005136,-0.207612235272764,-1.70809069094437,-2.13646446459975,0.34301871028761,0.324724133172179,0.112702385896459
2024-01-14,0.407948105057558,0.113616835356298,-0.455219803120895,0.515721015454608,-0.474521399422047,-0.839124694806946,0.084580060712061,-1.08790920531044,0.716721060994063,-0.359872853838944,1.00471596523019
2024-01-15,0.659702813249603,-0.658846821058699,-0.977786192844079,-0.713913093424723,0.884349575058993,-0.813746556199506,-0.146261725040265,-0.0215382997690985,-0.653505252806899,-0.113027515868515,0.96010414591519
2024-01-16,0.727978844917117,-0.419354676133932,-0.893166249013951,-1.2149252462534,-0.383087440969075,-0.836803393330381,1.16222534196397,-0.191911388708524,-0.669934516985762,-1.00797920293096,-0.210813548992302
2024-01-17,0.633645272455228,0.232775719451843,-1.80810466785488,-1.13855807190319,-0.271399435745363,-0.439090644997918,0.87127007979281,-0.0108130139735283,2.61637483415503,2.16518953323888,0.143613936289771
2024-01-18,0.81629383334114,0.142170647389131,-1.00056204096604,-1.24822321336563,2.33936658724999,-0.891299806452173,1.3955741142477,-1.21522167395354,-0.659283094177753,0.327069518778905,-0.648355157102924
2024-01-19,0.796223058536718,0.0332325200983709,-0.919372078214286,0.292345577175457,1.07597423344776,0.097776799915638,1.21138607427891,-2.20824577167037,0.985647858547907,-0.633127781519847,0.73862662326586
2024-01-20,0.564303619222506,0.754570338485512,-0.891720549178699,-0.789771482943801,0.936434530189391,-0.207612235272764,-0.245720171962899,-2.13646446459975,-0.769176884559611,0.324724133172179,0.112702385896459
2024-01-21,0.865333222986733,0.113616835356298,-1.01898582018824,-0.392871542547954,-0.474521399422047,0.00767706533021934,0.084580060712061,-1.08790920531044,-0.951572331276767,-0.359872853838944,-0.39282166165876
2024-01-22,1.41402598045071,0.853614441618581,-0.639526582603674,-0.108184721423015,0.884349575058993,0.0330552039376589,-0.146261725040265,1.12916490231796,-0.653505252806899,-0.113027515868515,0.96010414591519
2024-01-23,1.29122262818755,-1.17558530747257,-0.554906638773546,0.602259869751724,0.932328408961912,-0.413402513261798,-0.300145177017503,0.958791813378536,-0.113836719562152,-1.00797920293096,-0.909582362436774
2024-01-24,1.16014514080811,0.232775719451843,0.108699790174083,0.0728986721002254,1.04401641418562,-0.227390204963626,-0.59110043918866,-0.0108130139735283,0.948081441884204,1.27014561004443,1.54115156317872
2024-01-25,0.793581046333605,0.898401278727771,0.239723196582117,-0.945359027364772,-1.60688096254297,-0.256198486349299,-1.52916692371524,-0.0645184718664836,-0.103185296754143,1.66963540357058,-0.648355157102924
2024-01-26,0.784193626880022,0.789463151437011,0.546419566160803,0.898073949177165,1.07597423344776,-0.960725400255819,-1.71335496368403,0.0931606325037519,0.985647858547907,2.0520039880635,0.73862662326586
2024-01-27,0.67198955979876,0.754570338485512,-0.327954532111357,0.421685261059615,0.936434530189391,-0.207612235272764,1.21665034701857,0.164941939574368,0.34301871028761,-0.570319790022269,0.112702385896459
2024-01-28,0.956231175378122,0.113616835356298,0.897818637840726,-0.998599914549662,-0.474521399422047,-0.204023374704072,0.815765320202796,1.21349719886368,0.716721060994063,-0.359872853838944,1.00471596523019
2024-01-29,1.60214833050152,0.0973838102799411,0.488005451531011,-0.411048907423869,-0.431066274871993,-0.178645236096632,-0.146261725040265,1.12916490231796,-0.0974074553832892,-0.113027515868515,-0.437433480973755
2024-01-30,1.00210558237445,0.336875955204708,0.347118988534202,-0.306332688250838,-0.383087440969075,-0.836803393330381,0.431040082473231,0.958791813378536,0.998358875285069,-1.00797920293096,0.487955264452171
2024-01-31,0.553837753172591,0.989006350790483,1.23623182430877,-1.13855807190319,-0.271399435745363,-0.8624915250665,-0.59110043918866,-0.0108130139735283,0.948081441884204,1.27014561004443,1.54115156317872
2024-02-01,0.449929637888337,-0.614790887807188,0.695891602644274,-0.499978047788522,0.591249190975628,-0.766233331368978,1.38639523210869,-1.10045367925302,0.732424030173736,0.14063221481701,-0.690450598615633
2024-02-02,0.501710738900334,0.788732247579333,1.00258797222296,-1.07945855925342,0.64327268710439,-0.623958485138333,-0.991348586332308,-2.09347777696984,-0.959231801642264,0.970522760907154,-0.00223763169132086
2024-02-03,0.46201772027372,2.26630069730511,2.04501833197976,-0.041526317366697,0.503732983846019,-0.0825457601895701,0.476286205388823,0.279709934274897,2.29082363206271,1.92837467559918,0.0706069443837499
2024-02-04,0.470008852959874,0.86911656283726,1.69224665414329,-0.250354748972558,0.408192904165567,0.344443980447705,0.0754011785730482,1.32826519356421,0.996232590498332,3.03386553497695,-0.434917103171468
2024-02-05,0.640499510544551,0.0966529064222627,1.84619948490092,-0.268532113848473,0.451648028715621,-0.0535787610134381,-0.155440607179278,1.24393289701849,-0.37399372330263,-0.29946481983041,2.31554633129143
2024-02-06,0.85260254044401,1.09237568268567,1.70531302190411,0.139048291325412,0.49962686261854,-0.0766355981443126,0.421861200334218,1.07355980807907,0.165674809942118,-0.299372583698405,0.445859822939462
2024-02-07,0.599830757773701,0.232044815594165,2.1434130440248,1.12400802367818,-0.704100982088734,-0.314024169914723,-0.600279321327673,1.25465818281406,-0.440700420882357,1.97875222927698,0.101518494777063
2024-02-08,0.848654727998593,1.65390100620873,2.61269606067324,-1.71143479179194,0.591249190975628,0.292268868802478,-0.0759752868727791,0.0502495228340453,-1.4919671595207,1.03567613801146,-0.690450598615633
2024-02-09,0.676750797499176,0.788732247579333,2.13012000635764,1.04059074275256,0.64327268710439,0.646244155067415,-1.72253384582304,0.207928627204281,-1.51532959906587,0.0754788377127057,-0.701006445135793
2024-02-10,1.05609072391597,0.753839434627834,2.49603114563364,-0.344390503367551,0.503732983846019,0.552555559913304,-1.71726957308338,1.43041313636196,0.0664324423682689,0.138286829210285,-1.3269306825052
2024-02-11,1.02121538246701,1.6253471941759,2.93253189169144,0.961101995030858,0.408192904165567,0.767844860516288,-0.655784080917686,1.32826519356421,0.440134793074722,-0.546310157800839,-0.434917103171468
2024-02-12,1.15186379202205,1.60911416909954,2.63547190879519,-0.571396299849327,0.451648028715621,0.581522559089436,-0.155440607179278,0.0932296949314305,-0.37399372330263,-0.29946481983041,1.61677751784695
2024-02-13,1.16191847995231,0.33614505134703,1.3670534116637,1.04764084932797,0.49962686261854,1.19356704206144,1.88423171931569,1.07355980807907,-0.946520784905102,-0.299372583698405,-0.25290899050501
2024-02-14,0.736186215465304,0.232044815594165,1.35414062013052,-0.996041278327794,-2.01951683201972,0.109376710153859,0.862091197653796,-1.04674822136006,-0.996798218305967,0.188664382888086,0.101518494777063
2024-02-15,0.768206538042884,0.141439743531452,2.27443645043283,-1.10570641979023,1.90666504090661,-0.131132011266104,-0.0759752868727791,-1.10045367925302,-0.379771564673484,0.14063221481701,-1.38921941206011
2024-02-16,0.597344527455203,0.0325016162406925,0.551575158569087,-0.170866001250855,1.95868853703538,0.011142834964541,-0.260163326841574,-0.94277457488278,-1.51532959906587,1.8655666841016,-0.701006445135793
2024-02-17,0.324898482770669,0.753839434627834,0.917486297845079,0.867066240635865,1.81914883377701,-0.0825457601895701,-1.71726957308338,0.279709934274897,-0.489665355055341,0.138286829210285,0.0706069443837499
2024-02-18,0.826389890743979,-0.64334469984002,1.01572743366248,1.56683036703257,-2.22263879569641,-0.0789568996208776,0.0754011785730482,-0.973141210609912,1.55233038792194,0.348733765393609,-0.434917103171468
2024-02-19,1.14999137893467,-0.659577724916378,1.28243346783357,0.0343320721523805,0.451648028715621,-0.0535787610134381,0.575744652311457,0.0932296949314305,0.18210407412098,-0.29946481983041,0.219239890958009
2024-02-20,1.37998596014881,-0.420085579991611,1.14154700483676,-0.76954426667715,0.49962686261854,-0.288336038178604,-0.309324059156516,-0.077143394007995,-0.390422987481492,-1.19441650689285,-0.25290899050501
2024-02-21,0.809357319228898,-0.524185815744475,0.56486819623624,-0.69317709232694,0.611314867842252,-0.949125490017597,-0.600279321327673,0.103954980727001,1.22759297138847,1.08370830608253,0.800287308221535
2024-02-22,0.590110324387898,-0.614790887807188,-0.544393634903879,-0.499978047788522,0.591249190975628,-0.766233331368978,-0.807160546363514,-2.25115688134008,-0.935869362097094,-0.754411708377438,-2.08798822550458
2024-02-23,0.667779742181391,3.05742414159525,0.213315548328681,-1.98805111725598,0.64327268710439,-1.68246068530979,-0.991348586332308,0.207928627204281,-1.51532959906587,-0.819565085481742,-0.701006445135793
2024-02-24,0.430871938801733,1.51007006596647,-1.56308417725123,-0.344390503367551,-0.811682866084968,-0.929347520326735,-0.254899054101912,0.279709934274897,-1.60186094990256,-0.756757093984163,-0.628161869060723
2024-02-25,0.364440620188678,2.38157782551454,-0.788323820953017,0.658237809030004,0.408192904165567,-0.925758659758043,0.0754011785730482,1.32826519356421,1.55233038792194,-0.546310157800839,2.36015815060642
2024-02-26,0.452452811789134,2.36534480043818,-0.408864583368453,0.0343320721523805,1.76706387864661,-0.688680081116312,-0.155440607179278,0.0932296949314305,-0.37399372330263,0.595579103364038,2.31554633129143
2024-02-27,0.933171714886242,-0.420085579991611,-0.662504249778731,-0.163815894675442,-0.815788987312446,-1.55853867838435,-1.04050931864725,1.07355980807907,-0.390422987481492,-1.19441650689285,-0.951677803949483
2024-02-28,0.532036766827448,-0.524185815744475,-0.788170244725381,-0.996041278327794,0.611314867842252,-1.58422681012047,0.130905938163062,-1.04674822136006,-0.996798218305967,-1.60142346350081,-0.59725031866741
2024-02-29,0.673221065478885,0.141439743531452,0.132125585576932,1.3172070682166,0.591249190975628,-0.554532891334687,-0.0759752868727791,1.20095272492111,-0.935869362097094,-0.754411708377438,-0.690450598615633
2024-03-01,0.702338587556742,-0.539807299187991,-0.633570380298857,-1.84965742632572,-0.431756045101649,-0.886963809637245,-1.08631904852521,0.101628590843152,-0.81785054752994,-1.07423513276057,-1.58771925930568
2024-03-02,0.359133764461041,-0.57470011213949,-0.0421528341959272,-1.72031774244156,-0.57129574836002,-1.40405328485994,-0.349869516294814,0.173409897913767,0.207813696480593,-0.116383218068546,-0.816105869786138
2024-03-03,0.607894392476378,-1.2156536152687,0.168841505034939,0.493767313959409,1.9639958718215,-2.03556574439412,0.71161597587088,0.0712619551160192,0.581516047187046,0.989107641309225,0.0759077095475894
2024-03-04,0.877332292633978,-1.23188664034506,0.0972879289656297,0.475589949083494,-1.9387965534214,-2.22188804582097,1.21195944960929,-0.0130703414296988,0.879583125656914,-0.554134867109241,-1.36624173665635
2024-03-05,0.719111242256205,-0.992394495420294,0.520167483036163,0.580306168256525,-0.575401869587499,-2.66834576302043,-0.404294521349419,-0.183443430369124,-0.805139530792778,-0.554042630977236,-1.1396218046749
2024-03-06,0.687686266226976,-1.09649473117316,2.42405914953194,-0.554783401396681,-0.463713864363787,-3.11743477482513,0.0359354759701593,-0.00234505563412869,-1.41151476161725,0.829038258803703,-0.0864255059483524
2024-03-07,0.613610039126856,-1.18709980323587,2.1040697422861,-1.27017691486082,-0.483779541230411,-2.93454261617651,-1.63331626804715,1.09465268855998,-0.23839031056116,0.781006090732627,-0.179625785896576
2024-03-08,0.715709446712192,-0.539807299187991,1.84700009479745,-0.0324723103205954,-0.431756045101649,-2.15716644984299,0.376051470456258,0.101628590843152,0.29434504731728,-1.07423513276057,-1.58771925930568
2024-03-09,0.317819682261323,0.181530519199151,1.53639201359263,-0.205996812437292,-0.57129574836002,-1.19235284482565,1.11250100268665,1.32411310000083,0.207813696480593,-1.01142714126299,0.581431757102807
2024-03-10,0.48016559778867,1.05303827874722,1.07086713234269,0.190903127958555,-0.666835828040472,-0.977063544222664,-0.750754543110589,1.22196515720308,0.581516047187046,0.0940637181147777,-1.32162991734136
2024-03-11,1.01426829069801,1.03680525367086,1.22481996310031,-0.433002608919068,-0.623380703490418,-0.951685405615224,0.480774190118554,1.13763286065736,0.879583125656914,-0.554134867109241,1.42883351712154
2024-03-12,0.736765431974096,-0.236163864081654,1.19668670351697,-0.0254222037451827,-0.575401869587499,-0.763041802711807,-1.13547978084015,-0.183443430369124,-1.36123732821639,-1.44908655417168,-0.440852991230425
2024-03-13,0.946477196781722,0.415966531504122,1.29652711539726,0.353809156605881,-0.463713864363787,-1.21213081451651,0.767120735460894,-0.00234505563412869,-0.855416964193643,0.829038258803703,-0.785194319392825
2024-03-14,1.08834521538639,-1.18709980323587,1.87856333545917,-0.0587201708574086,-0.483779541230411,-1.87604041600506,-2.36450152753789,1.09465268855998,0.31770748686245,-1.00908175565627,-1.57716341278552
2024-03-15,0.668422083212735,0.97265396348929,1.84700009479745,1.17898443368282,0.883659804829337,-0.675263369602954,1.10723672994699,0.101628590843152,1.96263843958811,0.715852713628323,-0.888950445861209
2024-03-16,0.385082272431504,0.181530519199151,1.19813240335223,0.70259574556527,0.744120101570966,-1.19235284482565,1.11250100268665,0.173409897913767,0.763911493904203,0.778660705125901,1.28020057054728
2024-03-17,0.430680806150878,0.296807647408577,0.84536072551575,-0.111961058042299,-0.666835828040472,-0.977063544222664,1.44280123536161,0.0712619551160192,0.0254182497634362,0.989107641309225,0.774676522992062
2024-03-18,0.649782505977567,1.03680525367086,1.45032636992725,-0.735866794919921,-0.623380703490418,-1.37508628568381,-0.250411069372181,-1.16377354351676,0.323485328233304,-0.554134867109241,-0.667472923211879
2024-03-19,0.551221233771513,0.520066767256986,0.520167483036163,-0.63115057574689,-0.575401869587499,-0.763041802711807,1.05807599763205,0.967259771717936,-1.36123732821639,-0.554042630977236,0.257915822214047
2024-03-20,0.458931724722538,-0.340264099834519,-0.733030546045172,-0.251919215395827,-0.463713864363787,-1.4238312545508,-0.695249783520575,-0.00234505563412869,-0.299319166770033,0.829038258803703,-0.0864255059483524
2024-03-21,0.558933417192158,1.08159209078005,-0.263747529396732,-0.664448542859116,-0.483779541230411,-1.87604041600506,1.29142476991579,-1.20675371561414,0.87380528428606,-0.114037832461821,-1.57716341278552
2024-03-22,0.568944229472991,0.97265396348929,1.05772767090317,0.270391875680258,0.883659804829337,-1.52206512974012,-0.355133789034476,0.101628590843152,-0.81785054752994,-0.179191209566125,-0.190181632416736
2024-03-23,0.451134919864415,0.937761150537791,0.296106776044478,-2.93177448644498,-0.57129574836002,-0.768951964757065,-0.349869516294814,0.173409897913767,-1.46047969579024,-1.90647106445744,-1.51487468323061
2024-03-24,0.584008604826207,0.296807647408577,0.056088301621471,-0.717689430044006,-0.666835828040472,-0.977063544222664,-0.0195692836198546,-1.07944124697104,1.69371164203427,-0.80098020507967,0.0759077095475894
2024-03-25,0.384682342786732,1.03680525367086,-0.353724884688244,-0.130138422918214,-0.623380703490418,-0.31658408551235,-0.250411069372181,-1.16377354351676,-0.232612469190306,1.23595297927965,2.12760233056601
2024-03-26,0.822795913410698,-0.236163864081654,-0.494611347685053,-0.0254222037451827,-1.89081771951849,-0.339640922643225,0.326890738141316,-0.183443430369124,-0.805139530792778,0.341001292217212,0.257915822214047
2024-03-27,0.551403818548848,-0.340264099834519,0.0562418778491074,-0.554783401396681,-0.463713864363787,-0.577029494413635,0.767120735460894,1.14835814645293,-0.299319166770033,-0.0660056643907446,2.70864974782954
2024-03-28,0.54210787427042,-1.18709980323587,0.638278097911015,-0.361584356858263,-0.483779541230411,0.876065304440731,-2.36450152753789,1.09465268855998,-0.23839031056116,0.781006090732627,-0.179625785896576
2024-03-29,0.334806713934573,-1.29603793052663,0.944974467489701,0.270391875680258,0.883659804829337,-0.0401620495000798,2.56960724892846,0.101628590843152,0.85044284474089,2.50594056001722,1.20735599447221
2024-03-30,0.310874352459622,0.181530519199151,0.972625996525289,-1.72031774244156,0.744120101570966,-0.345551084688482,-0.349869516294814,0.173409897913767,1.32000929132781,0.778660705125901,-0.117337056341665
2024-03-31,0.282370907839733,-0.459422983930064,0.619854318688813,-0.717689430044006,1.9639958718215,-0.553662664154081,-0.750754543110589,1.22196515720308,-0.530679547660174,-0.80098020507967,0.0759077095475894
2024-04-01,0.384224683727399,-1.27341034675969,-0.0382670754172789,0.205689413186453,0.609456391696878,-0.763674321027566,-0.112728778417518,1.3945305154115,-0.389608209176874,-0.254669914513847,-0.287114613558031
2024-04-02,1.15472062164142,-0.277687570496285,1.06113169913407,-1.50677948364564,-0.65798062433119,-0.151629838055567,-1.72898274937623,1.22415742647208,-0.962135270779346,-1.14962160157629,-0.0604946815765781
2024-04-03,1.13720404907026,1.13067345642813,1.61198492466823,0.0839086207088397,-0.546292619107478,-1.02411972992885,-1.28875275205665,-0.896150602967047,-1.56851050160382,-1.55662855818425,-2.5011424500724
2024-04-04,0.906248167968102,0.283837753026778,2.19402114473013,0.579971851248112,0.749057553956885,-1.05292801131452,-0.0332634581110194,0.200847141227058,1.82900513914671,-0.709616803060875,-1.19680510313167
2024-04-05,1.42182355452547,-1.33756163694126,1.4859386835876,-1.2109654042202,0.801081050085647,-1.33405404515246,-0.217451498079814,0.358526245597293,0.693447104754322,-1.66981410335963,0.190176677237111
2024-04-06,0.702764149034042,-1.37245444989276,0.386058178488506,0.735559395669083,0.661541346827276,-1.00434176023799,2.71255381262279,0.430307552667909,0.606915753917635,-0.711962188667601,-1.13451637357676
2024-04-07,0.843740097423274,-1.25717732168333,0.371546110892436,0.526730964063222,0.566001267146824,-0.789052459635005,1.58048352631628,0.328159609870161,0.980618104624088,0.393528670710171,0.456266019201437
2024-04-08,1.15144730491065,1.75151217859487,1.31477136554434,-0.0971747728144011,-2.0213753081651,-0.551973880993275,-0.112728778417518,0.243827313324443,0.166489588246736,1.53541793187505,-0.985883427002504
2024-04-09,1.06615978936301,-1.03391820183493,0.835625292307128,0.310405632359484,-0.65798062433119,-0.998431598192732,0.464573029095978,0.0734542243850176,-0.962135270779346,1.53551016800705,0.638274131867895
2024-04-10,0.748933223653044,-0.38178780624915,0.709959297360478,0.0839086207088397,-0.546292619107478,-0.600718849860268,-1.28875275205665,0.254552599120013,-1.56851050160382,-0.661584634989799,0.992701617149968
2024-04-11,0.75770470726854,1.04006838436542,0.27721668670117,-1.84294163675872,-0.566358295974101,-0.841227571280232,-1.49563397709249,0.200847141227058,2.38510293657032,-0.709616803060875,-0.498036289687201
2024-04-12,0.638162790971343,-0.581331005602622,0.809419463106793,-0.60523703221849,2.11649690001663,-1.12235360511817,1.24491902090166,1.50922944768435,1.24954490217793,0.120273743029268,0.888945490681584
2024-04-13,0.553973864172319,0.140006812784519,0.498811381901975,-1.08162572033604,-0.653874503103711,-1.21604220027228,1.98136855313205,0.430307552667909,0.606915753917635,-0.711962188667601,0.263021253312182
2024-04-14,0.459607811678922,1.01151457233259,0.597052517719373,0.829595150064076,-0.749414582784163,-1.21245333970359,0.118113007334808,1.47886281195722,0.980618104624088,0.393528670710171,-0.242502794243036
2024-04-15,0.839181683916408,0.239050915917588,0.638252145063532,-0.0971747728144011,-0.705959458234108,-0.763674321027566,0.618456481073216,0.243827313324443,0.166489588246736,0.6403740086806,-0.985883427002504
2024-04-16,0.920316295713532,-0.277687570496285,-0.291906741827556,0.00754144635863024,-0.65798062433119,-0.151629838055567,-0.997797489885491,0.0734542243850176,2.93054931118592,-0.254577678381843,-0.0604946815765781
2024-04-17,0.922707096663734,-0.38178780624915,0.146193280293136,0.386772806709694,0.769123230823509,-0.389018409825977,0.173617766924822,0.254552599120013,0.0997828906670095,2.02354713459354,-0.404836009738978
2024-04-18,0.493987016830498,-0.472392878311862,0.27721668670117,0.277107665247258,-0.566358295974101,-1.47632889138311,-0.764448717601754,-0.949856060860003,-0.395386050547728,-0.709616803060875,-0.498036289687201
2024-04-19,0.477990602532768,-1.33756163694126,0.809419463106793,0.303355525784071,0.801081050085647,-0.275551844981004,-0.948636757570549,-1.94288015857683,0.693447104754322,-0.77477018016518,-0.508592136207361
2024-04-20,0.369825131591774,-1.37245444989276,1.40083700920972,0.129831023667375,0.661541346827276,-0.580940880169407,-0.212187225340152,-1.87109885150621,-1.6174754357768,0.183081734526847,1.66055888020113
2024-04-21,0.654462257555628,-1.25717732168333,0.371546110892436,1.13245933606493,1.88141711707781,-0.577352019600714,-0.613072252155927,-1.97324679430396,0.980618104624088,-0.501515252484277,0.456266019201437
2024-04-22,1.04419859443581,-1.27341034675969,0.863758551890468,-0.400038958815255,-0.705959458234108,-0.551973880993275,-0.112728778417518,-0.906875888762617,-0.389608209176874,1.53541793187505,-0.985883427002504
2024-04-23,0.874885955488847,-0.277687570496285,1.39939130937447,-0.295322739642224,0.657435225599797,-0.575030718124149,-0.266612230394757,1.22415742647208,-0.406037473355736,-1.14962160157629,-0.0604946815765781
2024-04-24,0.882159312377832,-1.13801843758779,2.28850414514904,-0.521819751292868,-0.546292619107478,-0.600718849860268,-0.557567492565913,0.254552599120013,0.0997828906670095,0.233459288204649,-0.404836009738978
2024-04-25,0.545380374754598,-0.472392878311862,1.51750192424932,1.79142859525153,-1.88177414590509,-0.629527131245941,-1.49563397709249,0.200847141227058,1.82900513914671,-1.60466072625532,0.200732523757272
2024-04-26,0.692091608433379,-1.33756163694126,0.922172666520261,0.606219711784925,-0.51433479984534,-0.0638514049467128,-0.948636757570549,-0.792176956489767,-0.974846287516508,-1.66981410335963,-1.90612976309631
2024-04-27,0.800415781253325,0.140006812784519,1.51359021262319,-1.38448990633689,0.661541346827276,0.47756132000205,-0.943372484830887,-0.720395649419151,-1.6174754357768,-1.60700611186205,-1.13451637357676
2024-04-28,0.715802901595101,-1.25717732168333,1.49907814502712,0.526730964063222,-0.749414582784163,0.269449740536451,-0.613072252155927,-0.822543592216899,-0.131577490223132,0.393528670710171,1.15503483264591
2024-04-29,1.04434287026951,-1.27341034675969,1.42752456895781,-0.702903144816109,0.609456391696878,0.506528319178182,-0.112728778417518,-0.906875888762617,-0.389608209176874,-0.254669914513847,-0.287114613558031
2024-04-30,1.02004207000482,1.99100432351964,2.07591052985528,-1.20391529764479,-0.65798062433119,0.483471482047307,-0.266612230394757,-1.07724897770204,1.26225591891509,0.640466244812605,-0.759263495021051
2024-05-01,0.903693498601294,0.976809082543086,3.07665508002537,0.440894941112011,-0.511851795410164,0.93810038963376,0.0352553924180972,-0.672776683991353,0.144829067827878,0.174599015883483,1.21806490750009
2024-05-02,0.428387998721263,0.129973379141733,1.96739324888525,0.936958171651283,0.783498377654198,0.697591668213796,1.29074468636373,0.424221060202752,-0.35033987338686,0.126566847812407,0.426095814107394
2024-05-03,0.596065179933605,0.0210352518509735,1.48481719456966,0.660341846187243,-0.479893976148027,0.839866514444441,1.83774190588567,-0.568803037514073,1.85068887676241,-0.833630452486346,-0.981997659301711
2024-05-04,0.260246214548849,-0.770088192439165,0.610443096297502,0.7896815300714,-0.619433679406397,0.957878359324622,1.84300617862533,0.653681471643603,0.651961931078503,1.01926538540013,1.18715335710678
2024-05-05,0.371250252212061,-0.654811064229739,-0.306094598606316,-0.327739459537022,-0.714973759086849,0.749766779859023,2.17330641130029,-0.599169673241205,-0.642629110485874,-0.560375524805443,0.681629309551559
2024-05-06,0.349460285585031,-1.42727472064474,-0.828660988329499,-0.345916824412938,-0.671518634536795,1.19854579853504,1.21127936605723,-0.683501969786923,-0.344562032016006,-0.313530186835013,-0.0617513232079087
2024-05-07,0.808152429960631,-0.43155194438133,1.06001021011612,-1.75552153524418,-0.623539800633876,0.963788521369879,1.05739591407999,0.296828143360711,-1.47318689104209,-0.313437950703009,1.56240623566249
2024-05-08,0.986680389851089,0.220578451204446,0.934344215169473,-0.467697616890551,-1.82726764534115,0.302999069530886,-1.42711512656337,0.477926518095707,0.144829067827878,-0.720444907310965,-1.5770103462778
2024-05-09,0.972842001398238,0.886204010480374,1.17812082499098,0.331229799649575,0.783498377654198,-0.572610971991952,-0.171625832617744,0.424221060202752,0.20575792403675,0.126566847812407,0.426095814107394
2024-05-10,0.608275802675037,0.0210352518509735,0.0190255501945724,0.660341846187243,0.83552187378296,-0.218635685727015,-1.08699913207727,1.73260336666005,1.2945910793388,-0.833630452486346,-0.981997659301711
2024-05-11,0.245488343063695,0.742373070238115,0.0466770792301596,1.39540990207311,0.695982170524589,-0.312324280881126,-1.08173485933761,0.653681471643603,1.20805972850211,1.91430930859458,-0.90915308322664
2024-05-12,0.517285279322513,1.61388082978618,0.257671418461026,0.277988912464686,-0.714973759086849,-0.732136300381016,-0.0202493671719165,0.551533528845855,-0.0865313130622637,-0.560375524805443,-0.715908317337386
2024-05-13,0.52502077662882,1.59764780470982,-0.490401378089094,0.562675733589624,-0.671518634536795,0.775144918466462,-0.251091152924243,0.467201232300137,0.211535765407604,-0.313530186835013,-1.45928895009685
2024-05-14,0.526057596947219,1.08090931829595,0.0452313793949081,-1.14979316324247,-0.623539800633876,0.540387641301296,1.05739591407999,1.44753134544777,-0.360991296194868,-1.20848187389746,-1.2326690181154
2024-05-15,0.495498272687149,0.220578451204446,0.483331401515599,-0.770561802891405,-0.511851795410164,0.93810038963376,-0.695929867072637,0.477926518095707,-0.411268729595732,0.174599015883483,-1.5770103462778
2024-05-16,0.512958948167685,-0.626257252196907,-0.851436836451456,0.0283656136487215,-0.531917472276788,0.909292108248087,0.559559426872991,1.57492426228981,-0.35033987338686,-1.66352099857649,0.426095814107394
2024-05-17,0.59112155844876,0.0210352518509735,-0.093727653218896,-0.551114897816173,-0.479893976148027,0.62816607441015,1.10655664639493,1.73260336666005,0.18239548449158,-1.72867437568079,-2.37953528619066
2024-05-18,0.292582899389555,-0.0138575611005251,-0.404335734423714,-1.02750358593372,0.695982170524589,-0.100623840846835,1.84300617862533,0.653681471643603,-0.460233663768717,-1.66586638418321,-0.210384269782168
2024-05-19,0.370705218932332,0.857650198447541,-0.0805881917793791,-0.0248752735361684,-0.714973759086849,-0.308735420312434,-0.751434626662651,-0.599169673241205,0.469566484361346,0.334668398389005,-2.8122147576708
2024-05-20,0.860490761054207,1.59764780470982,-0.264894971262157,0.25981154758877,0.643897215394191,-0.283357281704994,-0.251091152924243,0.467201232300137,0.211535765407604,-0.313530186835013,0.637017490236564
2024-05-21,0.991210643667865,-0.43155194438133,-0.293028230845497,1.57598451076522,0.69187604929711,-0.306414118835869,1.05739591407999,0.296828143360711,0.195106501228742,-1.20848187389746,-0.533900204670928
2024-05-22,0.605956598453808,0.220578451204446,-0.418694225792148,-0.467697616890551,0.803564054520822,-0.54380269060628,1.49762591139957,-0.672776683991353,-1.52346432444295,-1.61548883050541,-0.179472719388855
2024-05-23,0.570441524134733,-0.626257252196907,-0.400424022797582,-0.88022694435384,0.783498377654198,0.485891228179505,-0.171625832617744,0.424221060202752,2.43014911373119,0.126566847812407,0.426095814107394
2024-05-24,0.422664118966155,-1.49142601082631,0.244531957021509,1.5689344041898,0.83552187378296,1.05156695447873,-0.355813872586538,0.581900164572987,0.73849328191519,0.0614134707081021,1.11430878103171
2024-05-25,0.533171644043444,-0.0138575611005251,1.28696231677831,-0.118911027931161,0.695982170524589,0.534477479256039,-0.350549599846877,0.653681471643603,1.76415752592572,0.124221462205681,-0.90915308322664
2024-05-26,0.493377050652941,0.101419567108901,1.49795665600918,-0.0248752735361684,0.600442090844137,0.538066339824732,-0.0202493671719165,0.551533528845855,-0.0865313130622637,-0.560375524805443,-0.715908317337386
2024-05-27,0.481006095239026,0.841417173371184,1.42640307993987,-0.0430526384120836,0.643897215394191,0.35174403839788,0.480094106566492,0.467201232300137,-0.344562032016006,-0.313530186835013,-0.0617513232079087
2024-05-28,0.692485107516009,1.08090931829595,1.51102302377,-1.45265734924332,0.69187604929711,0.540387641301296,0.326210654589254,0.296828143360711,-0.360991296194868,-1.20848187389746,0.164868608773545
2024-05-29,0.814513381596611,1.73303971388173,0.934344215169473,-0.770561802891405,0.803564054520822,0.0912986294965943,0.766440651908832,0.477926518095707,0.144829067827878,-1.61548883050541,0.519296094055618
2024-05-30,0.604493156120279,0.886204010480374,0.727108011337102,-0.88022694435384,0.783498377654198,0.274190788145213,-0.902811092108478,0.424221060202752,1.31795351888397,-0.768477075382041,-0.971441812781551
2024-05-31,0.568102046698004,2.28972714586689,0.808297974088851,0.357477660186389,-0.479893976148027,0.62816607441015,0.375371386904196,0.581900164572987,-1.48589790777925,-0.833630452486346,-0.283228845857238
2024-06-01,0.471888227791815,1.35683701878209,1.88465632600489,-1.01206418897658,-0.617692353818587,0.128802275831806,0.823844377547517,-0.431727852761397,2.72474056087506,0.941324006281722,-1.1264796419407
2024-06-02,0.597104338270489,2.22834477833016,1.41913144475495,1.50488505342525,0.602183416431948,0.132391136400499,0.422959350731743,0.616827406527915,-0.238143872960145,1.15177094246505,-1.63200368949592
2024-06-03,1.00805502446073,1.45588112191516,1.34757786868564,0.275250944545917,1.96105439091299,0.581170155076521,0.192117564979417,1.68319831206926,0.0599232055097231,0.503572357241028,-2.37538432225539
2024-06-04,1.11541124571772,1.69537326683993,0.981184998861891,0.379967163718948,2.00903322481591,0.769813757979938,2.23178989147438,1.51282522312983,0.0434939413308608,-1.28642325301586,0.646310863503956
2024-06-05,1.30951701719571,3.10373429376435,1.53203822439605,2.57638364007513,2.12072123003962,0.320724746175236,-0.983906408659712,0.543220395777767,-1.67507688434083,0.0966576367650761,-0.396799278102916
2024-06-06,0.59847910955182,3.01312922170163,1.77581483421755,-0.864787547396693,2.100655553173,-0.131484415279019,-1.92197289318629,0.489514937884812,1.7224387564097,-0.846418454500448,0.907538068837805
2024-06-07,0.617811507855947,0.635499200394952,1.5187451867289,0.67578124314439,-0.478152650560216,0.010790430951626,0.818580104807856,0.647194042255047,0.586880722017309,-0.0165279084103045,-1.19932421801577
2024-06-08,0.441491267040648,-0.155624243895186,1.09538390211061,-0.103471630974014,-1.93310820374957,0.128802275831806,0.823844377547517,1.86967855141272,0.500349371180622,0.0462800830872742,0.271057984948243
2024-06-09,0.622387753888925,-0.7965777470244,1.41913144475495,0.596292495422686,-2.02864828343003,-0.0793093036337926,-1.03941116824973,0.616827406527915,0.317953924463465,1.15177094246505,-0.234466062606975
2024-06-10,0.840157649050107,1.45588112191516,1.79859068233951,-0.0276132414549369,-0.669777308948985,0.157769275007938,-0.539067694511318,-0.618208092104864,-0.496174591913887,-0.39147156595342,-0.27907788192197
2024-06-11,0.470708476893571,0.93914263550129,1.99596382958311,-1.13435376628532,-0.621798475046066,0.134712437877064,-0.692951146488556,0.362122021042771,-1.06870165351636,2.29375243976193,0.646310863503956
2024-06-12,0.486143207635872,0.0788117684097846,1.98305103804992,0.759198524070012,-0.510110469822354,-0.52607701396193,0.478464110321757,0.543220395777767,-1.11897908691722,0.0966576367650761,-1.09556809154739
2024-06-13,0.787819092109622,-0.768023934991568,0.761036003496337,-1.77338010539925,0.785239703242009,0.503616904823855,-0.459602374204819,0.489514937884812,0.0541453641388692,0.0486254686939999,2.30507569572675
2024-06-14,0.38495630053533,0.635499200394952,1.40599198331543,-0.83853968685988,0.83726319937077,-0.200910009082665,-0.643790414173613,1.79789724434211,-1.08141267025352,0.878516014784143,0.896982222317645
2024-06-15,0.170042071081231,0.600606387443454,0.531617885043269,1.1079851130294,0.697723496112399,-0.506299044271068,0.092659118056783,1.86967855141272,0.500349371180622,-0.848763840107174,0.271057984948243
2024-06-16,0.401713123652074,2.22834477833016,0.968118631101072,-0.312300062579876,-0.713232433499039,-0.291009743668084,0.422959350731743,0.616827406527915,-0.794241670383755,-0.638316903923849,-2.33077250294039
2024-06-17,0.728477700697267,2.2121117532538,1.23482466527217,-0.0276132414549369,1.96105439091299,-0.265631605060644,-0.539067694511318,0.532495109982197,-0.496174591913887,-0.39147156595342,0.419690931522502
2024-06-18,0.838563395797036,-0.573318627175991,1.54495101592923,0.379967163718948,2.00903322481591,-0.923789762294393,0.769419372492913,0.362122021042771,0.599591738754471,-1.28642325301586,1.34507967694843
2024-06-19,0.392632562583581,0.835042399748425,0.742765800501772,-0.14939403393255,0.805305380108632,-0.949477894030512,1.20964936981249,0.543220395777767,0.549314305353606,-0.798386286429372,1.00073834878603
2024-06-20,0.305404967827933,-0.0117933036529279,-0.253742827224879,-1.77338010539925,0.785239703242009,-0.343184855313311,1.00276814477665,0.489514937884812,0.0541453641388692,-0.846418454500448,-0.48999955805114
2024-06-21,0.387833093096501,-0.120731430943688,-0.172552864473129,0.0700528711426817,-0.478152650560216,-1.25941220925412,-0.643790414173613,-1.65421236191907,0.0307829245936991,0.878516014784143,-1.89809303146025
2024-06-22,0.528124538885079,-0.911854875233826,-0.144901335437542,0.502256741027693,0.697723496112399,0.340502715866097,-0.638526141433952,-1.58243105484846,2.16864276345145,0.0462800830872742,-1.1264796419407
2024-06-23,0.67249830202865,0.71588351565288,1.53188464816841,-0.312300062579876,0.602183416431948,-0.0793093036337926,0.422959350731743,-1.68457899764621,0.317953924463465,0.256727019270598,-0.234466062606975
2024-06-24,0.699502135204712,0.699650490576523,0.671058648204825,-0.0276132414549369,0.645638540982002,-0.689032485129227,-0.539067694511318,-0.618208092104864,-0.496174591913887,-0.39147156595342,-0.27907788192197
2024-06-25,0.732721788383723,-0.573318627175991,0.868431795448422,2.80288065172578,0.69361737488492,0.134712437877064,2.96297515096512,0.362122021042771,0.599591738754471,-0.391379329821415,1.34507967694843
2024-06-26,0.641012671401533,-1.4336494942675,-0.0465066233925072,1.36492689607172,2.12072123003962,-0.52607701396193,1.20964936981249,-0.607482806309294,-1.67507688434083,-1.69343020962382,-1.09556809154739
2024-06-27,0.406478852485355,-0.768023934991568,0.761036003496337,-1.16765173339755,-1.84559199661996,-0.554885295347602,0.271582885285916,-0.661188264202249,-1.05805023070835,-1.7414623776949,-0.48999955805114
2024-06-28,0.309789506098254,-0.876962062282328,-0.0597996610596606,-0.232811314858172,0.83726319937077,-0.836011329185539,0.0873948453171211,-0.503509159832013,-1.08141267025352,-1.8066157547992,-0.5005554045713
2024-06-29,0.236954907621929,-0.911854875233826,-1.04692696274529,-0.709200002975722,0.697723496112399,-1.14140036437394,-1.36971140092469,-0.431727852761397,-0.611846223666598,0.0462800830872742,0.271057984948243
2024-06-30,0.226437190506324,-0.7965777470244,-1.06143903034136,1.50488505342525,0.602183416431948,-0.714410623736667,-0.308225908758991,0.616827406527915,-0.794241670383755,0.256727019270598,1.16307156428197
2024-07-01,0.218026636190208,0.447456837699035,-0.44317954587328,-0.119664289711151,0.571677211040043,-1.91442062135172,-0.286075493791675,1.70744616448882,-0.342865741981505,-0.294873354297698,-1.98767773074624
2024-07-02,0.432022322312632,-0.825512280053478,-0.809572415697026,-1.22640481454153,-0.695759804988024,-1.09067569834543,-1.17114420525965,1.5370730755494,-0.915392803583978,1.4953067282232,-1.06228898532031
2024-07-03,0.567838900020066,-0.929612515806343,0.192293623491008,2.18146840581807,-0.584071799764312,-0.904663390047254,-0.73091420794007,-0.583234953889727,1.81481875013321,-0.70178807477365,-2.10539912692719
2024-07-04,0.460390141652125,-1.02021758786906,0.0978106230721056,0.557482334351362,0.71127837330005,-0.510070791364344,-0.206610173485176,1.66446599239144,0.763552011494861,0.145223680349722,-0.102292966541992
2024-07-05,0.262326656961139,1.13953617885611,1.30653261995854,1.18945856688988,0.763301869428812,-0.156095505099407,-1.12198347294471,1.82214509676167,1.2962873693733,1.87015814963431,-1.5103864399511
2024-07-06,0.264184515609793,-1.16404852811131,0.544911725099848,-0.498386865231082,0.623762166170441,-0.46148454028781,-1.84790445969578,0.74322320174523,-0.458537373734217,0.142878294742996,-0.738773050431554
2024-07-07,0.374219804240646,-1.04877139990189,0.643152860917246,-0.101486924835235,0.528222086489989,-0.8812965597877,-0.0552337080393493,0.641075258947482,-0.0848350230277633,-0.541718692268128,0.153240528902173
2024-07-08,0.33587282456185,-0.308773793639605,0.00783326778059387,-0.119664289711151,-0.743738638890943,-0.85591842118026,-0.286075493791675,0.556742962401764,0.213232055442105,0.60017056889675,0.80739752303165
2024-07-09,0.44220848633984,1.44317961396244,0.881725635505001,-0.620676442539827,-2.01117565491901,-0.455574378242552,0.291226313721821,0.386369873462338,0.196802791263243,1.4953067282232,-1.06228898532031
2024-07-10,0.310581045732685,-0.929612515806343,0.756059640558351,1.27287584781551,2.04675990009766,-0.481262509978671,1.46264157053213,0.567468248197334,-0.965670236984842,-0.70178807477365,0.689676126850704
2024-07-11,0.297073224327734,-1.02021758786906,0.774329843552916,-0.0482460376503454,-0.604137476630936,-0.0866699112957612,-0.937795432975911,-1.78764361386974,0.763552011494861,-0.749820242844726,-0.801061779986464
2024-07-12,0.425966177181705,-0.372925083821175,1.19377941654507,-0.324862363114386,0.763301869428812,0.267305374969176,-0.390798213453971,-0.479261307412446,0.184091774526081,-1.71001754314348,-0.811617626506625
2024-07-13,0.43439511071303,1.10464336590461,2.01070336947494,1.01593406477319,0.623762166170441,0.173616779815064,0.345651318776425,-0.407480000341831,1.76585381596022,-1.6472095516459,-0.0400042369870817
2024-07-14,0.365567640538711,-1.04877139990189,0.755906064330714,-0.404351110836089,0.528222086489989,0.60060652045234,-0.0552337080393493,0.641075258947482,-0.640932820451373,-0.541718692268128,0.153240528902173
2024-07-15,0.501705674366442,-0.308773793639605,1.02261209850181,-0.119664289711151,-2.05915448882193,0.625984659059779,-0.286075493791675,1.70744616448882,0.213232055442105,0.60017056889675,1.50616633647612
2024-07-16,0.630737958898311,0.686948982623802,0.99447883891847,-0.923540628540681,1.93507189487395,0.179526941860322,0.291226313721821,0.386369873462338,0.196802791263243,-0.294781118165694,0.335248641568631
2024-07-17,0.524761401788263,-0.173381884467703,1.09431925079876,-0.241445082188764,-0.584071799764312,-0.26956206994438,-1.4620994674308,0.567468248197334,-0.965670236984842,-0.70178807477365,-0.707861500038241
2024-07-18,0.574601351536107,-0.263986956530415,0.436070233312511,-0.351110223651199,0.71127837330005,0.12503052873853,1.25576034549629,0.513762790304378,-0.904741380775969,-1.64486416603917,-0.102292966541992
2024-07-19,0.593305184494223,-0.372925083821175,0.630013399477729,0.88659438088903,0.763301869428812,-0.156095505099407,-1.85316873243544,-0.479261307412446,0.184091774526081,-0.814973619949031,-1.5103864399511
2024-07-20,0.551263868532561,0.348412734565967,0.883171335340253,-0.195522679230228,0.623762166170441,-0.673184980322101,-1.11671920020504,-0.407480000341831,-1.01463517115783,-0.752165628451452,0.658764576457391
2024-07-21,0.923567556195153,1.21992049411403,0.868659267744183,0.504241447166472,-0.787193763440997,-0.8812965597877,-0.0552337080393493,0.641075258947482,-0.640932820451373,0.35332523092632,0.153240528902173
2024-07-22,1.14831956462851,1.20368746903768,1.69913131898262,-0.119664289711151,1.88709306097103,-1.06761886121455,-0.286075493791675,0.556742962401764,-0.342865741981505,0.60017056889675,-1.28890891730177
2024-07-23,0.941240428544929,-0.0692816487148379,1.89650446622622,0.590780301463589,0.619656044942962,-1.09067569834543,-1.17114420525965,0.386369873462338,0.196802791263243,1.4953067282232,-0.363520171875842
2024-07-24,0.743205989420332,0.582848746870937,1.9963448781065,0.667147475813798,-0.584071799764312,-0.481262509978671,0.000271051550664626,0.567468248197334,0.702623155285988,-0.70178807477365,-2.10539912692719
2024-07-25,0.387913748023449,0.492243674808225,1.11258945379332,-0.351110223651199,0.71127837330005,-0.933471671432926,-0.206610173485176,-1.78764361386974,-0.348643583352359,0.145223680349722,-2.19859940687541
2024-07-26,0.274785862485557,1.13953617885611,1.19377941654507,0.88659438088903,-0.552113980502175,-1.21459770527086,0.340387046036764,-1.62996450949951,-2.04029941516836,0.0800703032454172,-0.112848813062152
2024-07-27,0.231275328090793,1.86087399724325,0.657664928513316,2.2273908087766,0.623762166170441,-1.09658586039068,0.345651318776425,-0.407480000341831,-1.01463517115783,0.142878294742996,-0.0400042369870817
2024-07-28,0.152920094934646,-0.292540768563248,-0.0333663595635648,0.504241447166472,0.528222086489989,-1.09299699982199,-0.786418967530084,-0.509627943139579,-0.0848350230277633,1.24836915412077,0.852009342346645
2024-07-29,0.397010639556161,1.20368746903768,-0.104919935632875,0.183199896289703,0.571677211040043,-1.06761886121455,-0.286075493791675,0.556742962401764,-0.342865741981505,-0.294873354297698,-0.590140103857295
2024-07-30,0.354761199833566,1.44317961396244,-0.245806398629683,1.1965086734653,-2.01117565491901,-0.878975258311135,1.02241157321256,-0.764333328624722,-0.359295006160368,-0.294781118165694,-1.06228898532031
2024-07-31,0.29032966314831,0.582848746870937,-0.371472393576334,0.970011661814652,-0.584071799764312,-0.692962950012963,0.000271051550664626,0.567468248197334,0.146525357862378,0.193255848420798,2.08721375373965
2024-08-01,0.280828278300026,-0.274255960424971,-0.29526280525736,0.718076448749223,0.954853508919984,0.185473401129936,0.516673191060071,0.396678117683742,1.38945323626867,-1.68598939538871,1.71829512210232
2024-08-02,0.444054990805028,0.37303654362291,0.349693174561731,0.138595937284329,1.00687700504875,0.751149127429164,0.332485151091276,0.554357222053978,1.3660907967235,-1.75114277249302,-0.388567164751263
2024-08-03,0.494419319159931,0.338143730671411,0.0390850933569131,-2.15497786683834,-0.448078548140612,0.657460532275053,0.337749423830938,1.77684173121165,-0.944831743807628,-0.793290857800992,-1.71326021556514
2024-08-04,0.261897119581239,0.453420858880837,-0.200933381066094,0.361971375563479,0.771797222109923,0.872749832878037,-0.794320862475571,0.523990586326845,-0.0150315956775643,0.31220000157678,-0.122477822786938
2024-08-05,1.26739656381015,-1.0752734288728,-0.949006177616215,0.646658196688418,0.815252346659977,0.898127971485476,-0.293977388737163,0.439658289781127,-0.273062314631306,-0.335998583647239,-0.167089642101933
2024-08-06,0.916170494485563,-0.835781283948034,-0.63887982695915,0.751374415861449,0.863231180562896,0.239969814251728,0.283324418776333,-0.881418001245358,-0.289491578810169,0.559137575679214,-0.639238523564952
2024-08-07,0.483947733528093,1.32881037431502,0.250233008815416,-0.383715153791757,0.974919185786608,0.4259821225499,0.723554416095912,1.60108677766376,1.88462217748341,0.152130619071257,-0.983579851727352
2024-08-08,0.340745971482515,-0.274255960424971,0.268503211809982,-0.796244481255046,-1.67597819094199,-1.08472923907581,-0.214512068430664,1.5473813197708,-0.27884015600216,-0.790945472194267,-0.378011318231103
2024-08-09,0.594782374507425,-0.383194087715731,0.4624463779752,0.441460123285182,1.00687700504875,-0.730753952810875,-0.398700108399459,1.70506042414104,0.80999299929989,0.0389450738958768,-1.08733597819574
2024-08-10,0.355927090758366,-0.418086900667229,0.941110720664661,1.4793923651719,0.867337301790375,-0.612742107930695,-0.393435835659797,0.626138529124594,-0.388733946384018,-0.793290857800992,-2.41202902900961
2024-08-11,0.197204922635095,1.96588212155812,1.15210505989553,-0.546621182439083,-0.543618627821063,-0.609153247362002,0.668049656505898,0.523990586326845,-0.571129393101174,-0.582843921617668,0.576290990657535
2024-08-12,0.402989178567397,0.43718783380448,0.291279059931938,0.343794010687564,-1.815579353202,-0.583775108754563,0.437207870753572,-0.711044912305933,-0.273062314631306,-0.335998583647239,-0.167089642101933
2024-08-13,0.507236594654806,-0.835781283948034,-0.413373420132213,0.145646043859741,-0.452184669368091,-0.395131505851146,1.01450967826707,-0.881418001245358,0.822704016037051,1.45418149887366,1.45706791676847
2024-08-14,0.580132661212042,-0.939881519700899,-0.313533008251926,-1.29230771179432,-0.340496664144379,0.00258124248131742,0.723554416095912,-1.85102282859742,0.216328785212577,0.152130619071257,1.11272658860607
2024-08-15,0.300151050165369,0.481974670913669,0.38125641522345,-1.40197285325675,-0.360562341011002,0.397173841164228,-1.67688258741213,0.396678117683742,0.27725764142145,-0.790945472194267,1.71829512210232
2024-08-16,0.313528556829959,-0.383194087715731,0.0114335643213259,0.441460123285182,1.00687700504875,-0.095652632708001,0.332485151091276,-0.596345980033083,0.25389520187628,0.933988997090325,2.40650808902663
2024-08-17,0.223001149452582,-1.17431753200587,0.490097907010787,0.873663993170194,-0.448078548140612,0.445760092240762,-0.393435835659797,0.626138529124594,-0.944831743807628,0.996796988587903,1.08181503821275
2024-08-18,0.356232047399687,-1.05904040379644,0.137326229174311,-0.243756996438229,0.771797222109923,0.237648512775163,1.39923491599663,0.523990586326845,-0.571129393101174,-0.582843921617668,-0.82124663623141
2024-08-19,0.339916215692287,-0.31904279753416,0.291279059931938,0.949522382689272,-0.500163503271009,0.263026651382603,-0.293977388737163,0.439658289781127,0.283035482792304,-0.335998583647239,-0.167089642101933
2024-08-20,0.479908354537208,-0.0795506526093935,0.375899003762066,2.56855953186657,0.863231180562896,1.08677157438889,-0.447860840714401,0.269285200841702,-0.845589376233779,1.45418149887366,1.45706791676847
2024-08-21,0.303946835665099,-0.183650888362258,0.475739415642353,-0.0808509677909033,-0.340496664144379,1.48448432272136,-1.47000136237629,-1.85102282859742,-0.339769012211033,0.152130619071257,2.51026421549501
2024-08-22,0.293660896730953,0.481974670913669,-0.182509601843892,0.415212262748369,0.954853508919984,1.45567604133568,-0.214512068430664,1.5473813197708,0.83335543884506,0.104098451000181,1.71829512210232
2024-08-23,0.324549204481598,2.64172843763883,-0.214072842505611,-1.67858917872079,-0.308538844882241,1.38625044753204,-0.398700108399459,0.554357222053978,-1.41439819039455,0.933988997090325,-0.388567164751263
2024-08-24,0.312359109488857,1.09437436201005,-0.637434127123898,1.17652817917105,-0.448078548140612,1.29256185237793,-0.393435835659797,-0.524564672962467,-0.388733946384018,-1.68833478099544,-0.315722588676192
2024-08-25,0.373231073363422,0.453420858880837,-0.200933381066094,-0.243756996438229,0.771797222109923,1.08445027291233,-0.794320862475571,-0.626712615760215,-0.571129393101174,-0.582843921617668,0.576290990657535
2024-08-26,0.437206415586001,-0.31904279753416,0.291279059931938,-0.261934361314144,-0.500163503271009,1.10982841151977,-0.293977388737163,-0.711044912305933,0.283035482792304,-0.335998583647239,1.23044798478701
2024-08-27,0.308748994692673,-0.0795506526093935,1.50343103789675,-1.36867488614453,-0.452184669368091,1.29847201442318,-0.447860840714401,0.269285200841702,-1.40168717365739,-1.23095027070968,1.45706791676847
2024-08-28,0.678458883341266,-0.183650888362258,0.588492619055821,0.222013218209951,-0.340496664144379,1.48448432272136,-1.47000136237629,-0.700319626510363,-1.45196460705825,-1.63795722731764,0.413957775161593
2024-08-29,0.479485393138036,0.481974670913669,0.719516025463855,0.415212262748369,-1.67597819094199,0.608874281198519,1.24785845055081,-1.90472828649038,-0.27884015600216,-1.68598939538871,0.32075749521337
2024-08-30,0.342886101739736,0.37303654362291,0.124186767734794,0.441460123285182,-1.62395469481323,0.11604780732629,-1.12988536789019,-1.74704918212014,1.3660907967235,0.933988997090325,1.00897046213768
2024-08-31,0.319365405754053,-1.17431753200587,0.602851110424255,-0.640656936834075,0.867337301790375,-0.189341227862112,1.06893468332167,-1.67526787504953,1.83565724331042,-0.793290857800992,-0.315722588676192
2024-09-01,0.49277338887349,-0.559087739130934,1.20763414485436,-0.426883428427268,-0.858854559004625,-0.424798070486605,-0.707928222165497,-0.384488995143714,-0.14144573885622,0.280420589205409,-0.759026510268923
2024-09-02,0.638248126589543,-1.33155139554593,0.79782095854465,-0.14219660730233,-0.81539943445457,-0.187719491844874,0.523600511063646,0.681881910397629,-0.399476457809962,1.42230985037029,0.593899297305027
2024-09-03,0.528874024427059,-0.335828619282524,0.882440902374778,0.265383797871556,-2.08283645048264,-0.212091976278371,-0.361468200404327,1.66221202354526,-0.415905721988825,0.527358163307843,0.82051922928648
2024-09-04,0.589551151673351,-0.439928855035389,0.418515297187722,-0.566841585780797,0.659683254603047,-0.236464460711868,0.078761796915251,1.84331039828026,0.646012439457531,-0.774692716494561,1.87371552801303
2024-09-05,0.605661856522261,0.225696704240539,1.00055151724963,-0.373642541242378,0.639617577736423,-1.11207450223471,2.06543635035161,0.638901738300243,-0.961352096604426,0.967362961823258,3.17805287495375
2024-09-06,0.515009312072506,0.116758576949779,0.405222259520569,-0.953123052707272,-1.93919062599679,-0.758099215969769,-0.312307468089385,-0.354122359416581,1.23967665354484,0.902209584718954,1.07119058810017
2024-09-07,0.484310097634722,0.0818657639982803,-0.0181390250977179,0.084809189179447,0.552101370606814,-0.85178781112388,-1.03822845484046,-0.282341052345966,-0.515148089562674,1.86006149941098,-0.253502462713705
2024-09-08,0.810394379124761,0.197142892207706,0.192855314133149,0.784573315576147,0.456561290926362,-0.848198950555188,0.0232570373252373,-0.384488995143714,-0.14144573885622,-0.614623333989039,-1.4577953237134
2024-09-09,0.640846551291619,-0.575320764207291,0.234054941477307,1.37212432270194,-0.81539943445457,-0.822820811947748,-0.207584748427089,-0.468821291689432,-0.399476457809962,-0.36777799601861,-0.104869516139446
2024-09-10,0.713763462776103,-1.09205925062116,1.55896012285559,-0.0374803881292984,-2.08283645048264,-0.845877649078623,-0.361468200404327,-1.78989758271592,1.25238767028201,-0.367685759886605,0.121750415842008
2024-09-11,0.614519606605851,-1.19615948637403,1.32054092449547,1.85607190222603,-0.65573259532794,-1.29496666088332,1.54113231589672,-1.60879920798092,1.75820803430475,1.01539512989433,-0.921359725764865
2024-09-12,0.699158079271946,-0.530533927098102,1.33881112749003,-2.1908276572475,-0.675798272194563,-0.0535723020632493,1.33425109086088,-0.511801463786817,0.706941295666404,0.0723190386288103,-1.01456000571309
2024-09-13,0.713689639498845,-1.3957026857275,-0.38405016437371,-0.347394680705565,-0.623774776065802,0.300402984201687,-1.04349272758012,0.796580842670479,0.683578856121234,-0.887878261669942,1.07119058810017
2024-09-14,0.45821955003284,0.0818657639982803,0.207367381729219,0.690537561181155,0.552101370606814,-0.216686491021006,0.424142064141012,0.868362149741095,-0.515148089562674,-1.72011419336681,0.445266350730768
2024-09-15,0.422793205378127,-0.559087739130934,-0.258157499520725,0.17884494357444,0.456561290926362,-0.00139719041802258,-0.707928222165497,-0.384488995143714,-0.69754353627983,-0.614623333989039,-0.0602576968244504
2024-09-16,0.871235957103465,-0.575320764207291,-0.329711075590035,0.463531764699378,0.500016415476416,0.235681388223708,-0.207584748427089,0.681881910397629,-0.399476457809962,0.527265927175838,-0.104869516139446
2024-09-17,0.729855300640025,-1.09205925062116,-0.808857148827249,-0.0374803881292984,0.547995249379335,1.27112675126429,-1.09265345989506,1.66221202354526,1.25238767028201,-1.26272968308105,0.121750415842008
2024-09-18,0.813428857496526,-0.439928855035389,-1.16002955060084,2.15893608822689,0.659683254603047,1.03373817949388,0.078761796915251,0.692607196193199,-1.0222809528133,-0.774692716494561,0.47617790112408
2024-09-19,0.697478717001001,0.225696704240539,-1.36726575443321,0.837814202761038,0.639617577736423,1.42833077817679,1.33425109086088,0.638901738300243,-0.405254299180816,-1.71776880776009,-1.01456000571309
2024-09-20,0.549567941550404,-0.639472054388861,-0.158543757546774,0.258333691296143,-0.623774776065802,1.14720474433885,-1.04349272758012,-0.354122359416581,2.35187224839206,0.00716566152450589,-1.72388466567772
2024-09-21,0.596315765216247,0.838096395336921,-0.130892228511186,-1.42951174082482,-0.763314479324173,0.84181570915045,-0.307043195349723,-1.43304425443303,0.0409497078609366,-0.825070270172363,0.445266350730768
2024-09-22,0.657325223930514,1.70960415488499,-0.258157499520725,0.481709129575293,-0.858854559004625,1.26880544978773,0.0232570373252373,-0.384488995143714,0.41465205856739,1.17546451239986,-0.0602576968244504
2024-09-23,1.32220798579623,-0.575320764207291,-0.104204668763098,-0.14219660730233,-0.81539943445457,1.29418358839516,-0.207584748427089,-0.468821291689432,0.156621339613648,0.527265927175838,-1.50240714302839
2024-09-24,0.931286915965374,0.420402012056116,-1.14711675906765,0.265383797871556,0.547995249379335,1.05942631123,0.369717059086407,-0.639194380628857,-1.52810131683604,-1.26272968308105,-2.67332483793588
2024-09-25,0.997442174406186,-0.439928855035389,-0.258003923293089,0.644615158222619,0.659683254603047,0.822037739459588,0.078761796915251,-0.458096005893862,0.089914642033921,1.01539512989433,-0.222590912320392
2024-09-26,1.38342594770654,1.73815796691782,0.775045110422693,0.837814202761038,0.639617577736423,-0.0535723020632493,2.06543635035161,0.638901738300243,0.706941295666404,0.0723190386288103,1.08174643462033
2024-09-27,0.957796579111876,1.62921983962706,0.630728666347505,-0.347394680705565,0.691641073865184,0.0887025441673961,-1.77467798707085,0.796580842670479,-0.428616738725986,-0.887878261669942,-0.326347038788776
2024-09-28,0.614855256208506,1.59432702667556,1.22214621245043,0.084809189179447,0.552101370606814,-0.00498605098671511,1.15532732363175,-0.282341052345966,-1.62734368440989,0.0699736530220846,-0.952271276158178
2024-09-29,0.994008865380841,-0.559087739130934,0.0801021107196803,0.481709129575293,0.456561290926362,-0.00139719041802258,0.0232570373252373,-0.384488995143714,0.41465205856739,0.280420589205409,-0.759026510268923
2024-09-30,1.29197432024721,-0.575320764207291,1.13608056878505,0.160667578698524,0.500016415476416,0.023980948189417,0.523600511063646,-0.468821291689432,0.712719137037258,-0.36777799601861,-0.104869516139446
2024-10-01,1.49003709656364,-0.249031686774094,0.53430905483287,0.799825778193459,-0.521958114035132,-0.82224003620408,1.22996220040543,-0.626994654408317,-1.58298052317751,-0.289213861391022,-0.105005054571367
2024-10-02,1.02302397025994,1.15932934015032,0.40864305988622,-0.335263791459747,0.905145741119567,-1.05962860797449,-1.98573409972866,0.704806922413739,0.591133233116067,-0.696220817998978,0.249422430710706
2024-10-03,0.501417803083227,0.312493636748969,-0.136852754186557,0.766527811081233,0.885080064252943,-0.241635129222998,-0.730244805783034,-1.65030493965334,2.32035548159577,-0.744252986070054,0.156222150762483
2024-10-04,0.788201330188047,-0.552675121880431,0.84636283587294,0.187047299616338,0.937103560381705,-1.15786248316381,-0.183247586261094,-1.4926258352831,-2.15178933733828,0.085637560020089,-1.25187132264662
2024-10-05,0.485456022869348,-1.34379856617057,0.761261161495059,0.0135227974996423,0.797563857123333,-1.6749519583865,-0.909168573012166,-0.270141326125425,-0.0139294984805274,0.148445551517668,0.218510880317393
2024-10-06,0.575123627882468,-1.22852143796114,0.0702298734181781,0.713286923896343,0.702023777442882,-1.67136309781781,-0.578868340337206,0.778413933163887,1.47196844707315,-0.536151435493456,1.11052445965112
2024-10-07,0.813986305667313,-1.2447544630375,-0.00132370265113163,0.0893811870187196,0.745478901992936,-1.64598495921037,-0.0785248665987979,0.694081636618169,0.101742133272184,-0.289306097523026,0.367143826891652
2024-10-08,0.753076989125889,0.507198944564546,0.421555851419402,-0.108766779809103,2.10887358582684,-1.88074223637554,-0.232408318576036,-0.626994654408317,-0.470784928330288,-1.18425778458547,-0.105005054571367
2024-10-09,0.969968118900444,0.403098708811681,1.5361750940209,-0.335263791459747,-0.41027010881142,-1.69472992807736,0.207821678743542,-1.59659948176038,2.2594266253869,-0.696220817998978,0.249422430710706
2024-10-10,1.00623601534654,-0.443736994589671,0.426913262880785,0.463663625080379,0.885080064252943,-1.08843688936016,-0.730244805783034,-0.499601737566276,1.20815988674855,1.04583486031884,-0.54254666268199
2024-10-11,0.726817089068061,0.959786140796849,-0.281169198261744,-0.721545258386223,0.937103560381705,-1.15786248316381,1.27912293272038,-0.341922633196041,-1.03959374249106,0.085637560020089,-0.55310250920215
2024-10-12,0.624340313116146,0.168662696506711,-0.479024076053094,-0.289341388501212,-0.517851992807653,-0.404749318180755,-0.909168573012166,0.880561875961635,1.09826609636669,-0.74659837167678,-0.48025793312708
2024-10-13,0.82815667979484,0.536016701829017,-0.0425233299952903,0.713286923896343,-0.613392072488105,-0.612860897646354,0.883502178644263,0.778413933163887,-0.752422742621294,0.358892487700992,-0.519936105052649
2024-10-14,1.01921532243584,0.771860553865539,0.449689111002742,-0.516347184982988,-0.56993694793805,-0.375782319004623,-0.0785248665987979,-0.456621565468891,0.101742133272184,0.605737825671421,-0.797470862182469
2024-10-15,0.970155581359819,1.26342957590319,1.66184108896755,-0.411630965809957,-0.521958114035132,-0.610539596169789,1.96114745989617,0.523708547678744,1.75360626136415,-1.18425778458547,-0.80377386801584
2024-10-16,0.65560054312651,1.15932934015032,0.972409076953562,-0.940992163461455,-0.41027010881142,0.210574032231257,0.207821678743542,-0.445896279673321,-1.63325795657837,1.09386702838992,0.249422430710706
2024-10-17,1.2015338542041,-0.443736994589671,0.539666466294254,2.88657711308721,0.885080064252943,-0.876736449325872,0.000940453707701105,-0.499601737566276,-0.46013350552228,-1.6392969092645,0.156222150762483
2024-10-18,0.938785146428337,-0.552675121880431,0.620856429046003,0.187047299616338,-0.378312289549282,0.32404059707623,0.547937673229641,-1.4926258352831,-1.03959374249106,0.085637560020089,0.145666304242322
2024-10-19,1.15291083474576,-0.58756793483193,0.761261161495059,0.61925116950135,-0.517851992807653,0.865453322024993,0.553201945969303,-1.42084452821249,-0.0139294984805274,1.04348947471212,0.218510880317393
2024-10-20,1.25690763981732,-0.472290806622504,0.859502297312457,-0.498169820107073,-0.613392072488105,0.657341742559394,0.152316919153528,-1.52299247101023,0.915870649649536,0.358892487700992,-0.287013167237825
2024-10-21,1.08140761026311,1.02393743097842,0.675195517829679,0.392245373019574,0.745478901992936,0.471019441132542,-0.0785248665987979,-1.60732476755595,0.101742133272184,-0.289306097523026,-0.331624986552821
2024-10-22,1.02680531655056,-0.249031686774094,0.647062258246339,-0.108766779809103,-0.521958114035132,1.08306392410454,-0.232408318576036,-1.77769785649538,0.641410666516932,-1.18425778458547,-0.80377386801584
2024-10-23,1.00169653003563,-1.1093625538656,0.972409076953562,1.48192132454538,-0.41027010881142,0.845675352334131,-0.523363580747192,-0.445896279673321,-0.521062361731153,2.88395487477881,-0.449346382733767
2024-10-24,0.712518637942361,-1.19996762592831,-0.249605957600025,0.160799439079525,-0.430335785678043,0.816867070948459,-1.46143006527377,-0.499601737566276,1.20815988674855,1.94087878351329,-0.54254666268199
2024-10-25,0.586518573295942,0.959786140796849,1.18462244611335,-0.115816886384515,-0.378312289549282,-0.0993602829923524,2.01030819221111,-0.341922633196041,0.07260185235616,-0.809406363174359,-0.55310250920215
2024-10-26,0.33167982666079,-0.58756793483193,0.0847419410142484,0.922115355502204,0.797563857123333,-0.404749318180755,1.28438720546004,0.880561875961635,-0.0139294984805274,-0.74659837167678,-0.48025793312708
2024-10-27,0.536547377990755,0.283939824716137,0.521242687072052,0.713286923896343,0.702023777442882,-0.401160457612062,0.152316919153528,0.778413933163887,-0.752422742621294,-0.536151435493456,-0.287013167237825
2024-10-28,0.992603901611706,1.78016806231706,1.23896153489702,0.997973745021281,-1.88535279786904,-0.375782319004623,1.38384565238267,0.694081636618169,-0.454355664151426,-0.289306097523026,-0.331624986552821
2024-10-29,1.10003950714731,-0.249031686774094,0.985321868486744,0.799825778193459,0.793457735895855,-0.610539596169789,1.22996220040543,-0.626994654408317,1.19750846394054,-0.289213861391022,-0.80377386801584
2024-10-30,1.03780519774757,-1.1093625538656,0.634149466713157,0.573328766542814,0.905145741119567,-0.636227727905908,0.939006938234277,-0.445896279673321,-2.18935575400198,0.19882310519547,0.249422430710706
2024-10-31,1.13916642578834,-1.19996762592831,1.32893889018853,-0.444928932922183,-0.430335785678043,-0.0299346891887065,-1.46143006527377,-0.499601737566276,1.20815988674855,-1.6392969092645,0.156222150762483
2024-11-01,0.685146954219665,-0.633511245306127,0.731020398244994,-0.0520599992479727,-0.385986027163056,-0.484948002579485,-1.10909413110105,-0.939473405382607,0.163372889723783,0.146135607738276,0.558817093101127
2024-11-02,0.436425443631997,0.0878265730810144,0.533165520453645,0.683008056637893,0.789890119509559,-0.366936157699305,1.08972592011081,-2.01839530039905,1.74513493115793,0.208943599235855,-0.0671071442682746
2024-11-03,0.657123472716033,-0.5531269300482,0.180393842617169,-0.131548746969676,-0.621065810101879,-0.151646857096321,-0.77352962568643,-0.96984004110974,-0.661651705253671,-0.475653387775269,0.12613762162098
2024-11-04,0.799767400096756,0.943101307552723,-0.342172547106014,-0.149726111845591,-0.577610685551825,-0.126268718488882,0.457999107542713,-1.05417233765546,-0.363584626783803,-0.22880804980484,0.0815258023059843
2024-11-05,0.616337429162865,-1.08609844153843,-0.821318620343228,-0.953602450675122,0.78578399828208,0.0623748844145348,-1.15825486341599,-1.22454542659488,0.176083906460945,1.56137203271606,-0.390623079157035
2024-11-06,0.741133902822174,-1.1901986772913,-0.1577121913956,3.05999914168619,-0.417943846425194,0.0366867526784155,-0.718024866096416,0.107256150227173,1.2380020679073,0.259321152913656,-0.734964407319435
2024-11-07,0.85320087175131,0.231657513323273,0.875336842320182,1.13314888421863,0.877406326639169,0.00787847129274305,1.26864968733995,-2.2478557118399,0.186735329268953,2.00137683123148,-0.828164687267658
2024-11-08,0.58026836955475,-0.633511245306127,0.0545011777641837,-0.354924185248827,-0.385986027163056,-0.484948002579485,-1.10909413110105,0.211229796704453,-0.392724907699827,-1.64395223865062,-0.139951720343345
2024-11-09,0.582941674760297,-0.668404058257626,-0.0306004966136975,-0.528448687365523,-1.84094158035241,-0.790337037767888,-0.372644598870656,-0.867692098311992,-0.479256258536514,1.1039875224303,-0.0671071442682746
2024-11-10,0.508785593493671,-0.5531269300482,0.293147046030638,-0.131548746969676,-0.621065810101879,0.271754022972261,-0.77352962568643,1.33156636306438,-0.105553907830061,-0.475653387775269,0.824906435065452
2024-11-11,1.00715177569806,0.186870676214083,0.447099876788265,-0.149726111845591,-0.577610685551825,0.508832601613992,0.457999107542713,1.24723406651866,0.748610968063417,-0.22880804980484,-1.31601182458296
2024-11-12,1.35813967085015,0.42636282113885,-0.144799399862418,-0.953602450675122,-0.529631851648906,0.9091766445517,-1.15825486341599,1.07686097757924,0.732181703884555,1.56137203271606,0.308145734287438
2024-11-13,0.710263400457538,0.322262585385985,0.180547418844806,1.54567821168192,-0.417943846425194,0.883488512815581,0.0131603933943183,0.107256150227173,-0.98638912178714,0.259321152913656,-0.0361955938749619
2024-11-14,0.61474929232799,0.987888144661913,0.424324028666308,0.830284698217776,-0.438009523291818,1.0663806714642,0.537464427849212,1.20425389442128,-0.369362468154657,0.21128898484258,-1.52693350071213
2024-11-15,0.909540201234779,-0.633511245306127,-0.283758432476222,2.067989302758,-0.385986027163056,0.36185375755768,0.353276387880417,1.36193299879151,-0.392724907699827,-1.64395223865062,-1.53748934723229
2024-11-16,0.610388377755286,0.844057204419655,-0.143353700027166,3.40878573064558,-0.525525730421427,0.0564647223692773,-1.83501511785212,0.283011103775069,0.0768415388870958,-0.686100323958593,0.631661669176198
2024-11-17,0.553625035041785,0.959334332629081,0.180393842617169,-0.43441293297053,0.694350039829107,0.0600535829379698,0.688840893295039,-0.96984004110974,-0.105553907830061,-0.475653387775269,-0.572631191823493
2024-11-18,1.14411993333505,0.943101307552723,0.334346673374796,0.75886644615697,0.737805164379161,0.0854317215454093,0.457999107542713,0.0965308644316026,1.86080656291064,-0.22880804980484,-0.617243011138488
2024-11-19,1.09445080842545,1.18259345247749,0.418966617204924,-0.650738264674268,-0.529631851648906,-0.149325555619757,-1.15825486341599,1.07686097757924,0.176083906460945,-0.228715813672835,-0.390623079157035
2024-11-20,1.40606784127764,1.83472384806327,0.857066639325616,-0.574371090324058,0.897472003505792,0.883488512815581,-0.718024866096416,1.25795935231423,0.12580647306008,-0.635722770280791,-0.0361955938749619
2024-11-21,0.875426968452119,0.987888144661913,0.98809004573365,1.43601307021948,-0.438009523291818,1.0663806714642,-0.193720831641523,0.0535506923342174,-0.925460265578267,-0.683754938351868,0.569372939621288
2024-11-22,0.902601408353126,2.39141128004843,1.18203321189887,-0.960652557250534,-1.70140187709404,0.36185375755768,0.353276387880417,-2.09017660746967,1.275568484571,1.93622345412717,-0.838720533787818
2024-11-23,0.767428731833045,0.844057204419655,0.87142513069405,0.380143870637039,-0.525525730421427,1.11496692254073,-0.372644598870656,-2.01839530039905,1.18903713373432,-0.686100323958593,-0.765875957712747
2024-11-24,1.84737543917736,0.959334332629081,0.85691306309798,0.777043811032886,-0.621065810101879,1.11855578310943,1.42002615278577,-2.1205432431968,-0.661651705253671,0.419390535419179,-1.27140000526797
2024-11-25,2.15944539762044,0.186870676214083,0.898112690442138,0.75886644615697,-1.89302653548281,1.14393392171687,-0.273186151948022,-1.05417233765546,0.192513170639807,0.666235873389608,-1.31601182458296
2024-11-26,1.60648083474151,1.18259345247749,1.54649865133961,0.560718479329148,-0.529631851648906,0.274075324448826,0.304115655565475,-0.0738422245078229,-0.380013890962665,-0.228715813672835,-1.08939189260151
2024-11-27,1.47793047474602,2.59095447940191,1.19532624956602,-1.48296364832662,-0.417943846425194,0.671788072781289,0.0131603933943183,-1.04344705185989,0.12580647306008,-0.635722770280791,-0.734964407319435
2024-11-28,0.739837390137271,1.74411877600055,1.55185606280099,0.830284698217776,-0.438009523291818,0.854680231429908,1.26864968733995,0.0535506923342174,0.742833126692563,-1.57879886154632,0.569372939621288
2024-11-29,0.920861338508931,0.122719386032513,0.392760788004589,-1.26351674325139,0.92942982276793,-0.0615471225109028,-0.377908871610317,0.211229796704453,-0.948822705123437,0.146135607738276,-0.838720533787818
2024-11-30,0.964928019127888,-0.668404058257626,0.87142513069405,0.683008056637893,-0.525525730421427,0.691566042472151,-0.372644598870656,0.283011103775069,0.632939336310706,-1.58114424715304,-0.0671071442682746
2024-12-01,1.07159143650039,0.775139981079205,1.99653234292068,-0.389855251566048,-0.849218202765098,0.500942428001103,1.29571215004904,0.224087695667514,-0.043229017611756,0.361928756924098,-0.36683286353486
2024-12-02,1.95464528812839,0.00267632466420731,1.92497876685137,-0.710896802442818,-0.805763078215044,0.738021006642834,-0.397500154684757,0.139755399121796,-0.301259736565498,0.608774094894527,-0.411444682849855
2024-12-03,1.88115633764494,0.242168469588974,0.994819879960279,0.908140346734483,-0.757784244312125,0.714964169511959,0.179801652828739,-0.0306176898176297,-0.317689000744361,-1.18122151536236,-0.184824750868402
2024-12-04,1.14254560492259,0.89429886517475,0.418141071359755,0.378779149082984,-0.646096239088413,1.7477782379473,0.620031650148317,1.30118388700443,0.188131363278384,0.201859374418576,-0.529166079030802
2024-12-05,1.1175239991892,0.0474631617733969,-0.352861149539958,0.874842379622256,0.64925393397595,2.14237083663021,-0.318034834378259,0.0967752270244106,0.249060219487257,0.1538272063475,1.47394008135439
2024-12-06,0.770001587065145,-0.817705596856003,-0.0461647799612719,-0.310366503844346,-0.614138419826275,2.70804656292943,1.69133290412515,0.254454331394646,0.225697779942087,0.0886738292431951,-0.632922205499185
2024-12-07,0.828017908764827,-0.0963677784688617,0.545252766141657,0.727565738042373,-0.753678123084647,2.40265752774103,-0.496958601607391,0.326235638465262,-0.97302916574182,1.04652574393522,-0.560077629424114
2024-12-08,0.883047214936047,-0.737321281598076,0.192481088305182,-0.389855251566048,0.466197647165889,2.19454594827543,2.02689740953977,0.224087695667514,0.512868779811854,0.361928756924098,-1.06560167697933
2024-12-09,0.916555298070055,-0.753554306674433,-0.217332098004533,0.197695755559744,-0.805763078215044,2.21992408688287,-0.397500154684757,1.29045860120886,-0.301259736565498,0.608774094894527,-1.11021349629433
2024-12-10,0.630854630578642,-0.514062161749666,-0.358218561001342,1.81673290473705,-0.757784244312125,1.56176592964912,0.910986912319473,-0.0306176898176297,-0.317689000744361,0.608866331026532,0.513944062576071
2024-12-11,1.06948864522411,0.138068233836109,-0.258378149121055,0.0759149630821299,-0.646096239088413,-0.369226162395617,0.620031650148317,0.150480684917366,2.41252255297282,1.09690329761302,0.169602734413671
2024-12-12,0.905673328736564,-0.708767469565243,-0.24010794612649,1.78343493762482,0.64925393397595,-1.03313576388416,-1.04922009386899,0.0967752270244106,1.36125581433448,1.04887112954195,-0.622366358979025
2024-12-13,0.698503423250768,-0.0614749655173629,-0.271671186788209,-0.6132306898452,0.701277430104711,-1.52596223775639,0.960147644634416,1.40515753348171,0.225697779942087,-1.7014140171457,-0.632922205499185
2024-12-14,0.72669396354236,1.41609348420842,0.432499562728188,3.45334341205006,0.56173772684634,-1.83135127294479,0.234226657883343,-0.824467563621798,0.1391664291054,-0.743562102453674,0.138691184020359
2024-12-15,0.82304311065551,0.775139981079205,0.643493901959056,-0.692719437566902,-2.16463405269608,-1.61606197234181,0.564526890558304,-0.926615506419547,-0.043229017611756,0.361928756924098,0.331935949909613
2024-12-16,1.31212114697338,0.758906956002848,0.684693529303214,0.500559941560598,-0.805763078215044,-1.59068383373437,0.333685104805977,-2.16165100505232,0.254838060858112,-0.28626982829992,0.98609294403909
2024-12-17,0.837051056864834,-0.514062161749666,-0.809231374655216,2.72532546273961,-0.757784244312125,-1.19033979079666,-0.551383606661996,-1.18132089190469,0.238408796679249,-1.18122151536236,0.513944062576071
2024-12-18,1.29072598635937,-0.618162397502531,-1.1604037764288,2.80169263708982,-0.646096239088413,-1.63942880260136,0.620031650148317,0.150480684917366,-0.924064231568836,-0.693184548775872,0.868371547858143
2024-12-19,1.17108317107606,0.0474631617733969,-0.24010794612649,-0.0337501783803054,-0.666161915955037,-0.398034443781289,0.413150425112476,1.24747842911147,-0.863135375359963,1.04887112954195,-0.622366358979025
2024-12-20,1.24980829814616,-0.0614749655173629,-0.0461647799612719,-0.6132306898452,-0.614138419826275,0.591042162586522,0.228962385143681,0.254454331394646,-0.886497814905133,1.87876167563209,-1.33169101894366
2024-12-21,0.846086764633833,-0.0963677784688617,-0.356772861166091,0.424701552041519,-2.06909397301563,0.285653127398119,0.965411917374078,0.326235638465262,-0.41693136831821,0.151481820740774,-0.560077629424114
2024-12-22,0.776831797294877,0.0189093497405644,0.756247105372524,-0.0869910655651945,-2.16463405269608,0.289241987966812,-0.897843628423166,0.224087695667514,-0.043229017611756,1.25697268011855,-0.36683286353486
2024-12-23,1.42432571321228,-0.753554306674433,0.459187122476277,-0.710896802442818,-2.12117892814603,-0.320481193528623,-0.397500154684757,1.29045860120886,-0.301259736565498,-0.28626982829992,0.98609294403909
2024-12-24,0.748640669728524,2.51086036360489,-0.0199589507609366,0.302411974732775,0.557631605618861,-0.131837590625206,0.910986912319473,-1.18132089190469,0.794506594102859,3.29399810060988,1.21271287602054
2024-12-25,0.254781627982112,3.16299075919067,-0.934897369601866,-1.13554178092129,1.98473546077356,0.054174717672966,1.35121690963905,-2.15092571925676,3.52471814782004,1.99194722080747,2.26590917474709
2024-12-26,0.426873012648854,3.07238568712796,-0.578367556366895,-3.06239203838884,1.96466978390694,0.0253664362872936,-1.78040535335973,0.0967752270244106,-1.97533097020718,-1.6362606400414,-1.3211351724235
2024-12-27,0.794449989160057,2.20721692849856,0.743107643933007,-1.82468743384861,0.701277430104711,0.167641282517939,-1.96459339332852,0.254454331394646,-0.886497814905133,-1.7014140171457,0.0658466079452878
2024-12-28,1.11192725039231,0.659862852869779,0.658005969555125,-0.181026819960188,0.56173772684634,1.34415532756958,-1.95932912058886,1.47693884055232,1.80745982137623,0.151481820740774,-0.560077629424114
2024-12-29,1.42296853049794,0.775139981079205,1.43276632585333,-0.389855251566048,-0.849218202765098,0.924343308069686,0.564526890558304,1.37479089775457,0.512868779811854,0.361928756924098,-0.36683286353486
2024-12-30,1.26908170379587,-0.753554306674433,1.24845954637056,0.197695755559744,-0.805763078215044,0.526320566608542,-0.397500154684757,1.29045860120886,0.254838060858112,-0.28626982829992,0.287324130594618
2024-12-31,1.76365366063325,0.242168469588974,1.89684550726803,-1.21190895527149,-0.757784244312125,0.503263729477668,-0.551383606661996,1.12008551226943,-0.317689000744361,-1.18122151536236,0.513944062576071
2025-01-01,1.16128920243667,0.232775719451843,0.672465807241425,-0.835693885902336,-0.271399435745363,-0.015689764929335,-1.32228569867939,-0.0108130139735283,-0.720211950386626,-0.519942236344467,-0.555154877154701
2025-01-02,0.883413028007668,2.41086254140505,1.3672552307168,-2.45967995736904,-0.291465112611986,0.378902833753575,-2.26035218320597,-0.0645184718664836,-1.21538089160136,0.327069518778905,0.0504136563415481
2025-01-03,1.46717038676769,0.0332325200983709,1.89945800712242,0.595209763176311,-1.55485746641421,0.097776799915638,-0.982169704193296,1.24386383459081,-0.682645533722924,-1.5281717047143,0.0398578098213878
2025-01-04,1.17260793838248,-0.00166029285312766,1.36334351909067,2.54173456306559,0.936434530189391,-0.631013115341347,-0.245720171962899,1.31564514166143,-0.769176884559611,-0.570319790022269,-1.28483524099249
2025-01-05,1.56914849322775,0.113616835356298,1.01057184125419,-0.0900073565471,0.840894450508939,-0.415723814738363,0.815765320202796,0.0627939967766196,-0.951572331276767,0.535171069355503,-1.09159047510323
2025-01-06,1.40036993781099,1.60984507295722,1.05177146859835,1.1032720225804,0.884349575058993,-0.390345676130924,0.584923534450469,1.12916490231796,-0.653505252806899,-0.113027515868515,-1.13620229441823
2025-01-07,2.17354479472523,3.36179848055927,1.58740422608235,0.602259869751724,-1.69850329090006,0.00999836680678431,-0.300145177017503,0.958791813378536,0.442261077861459,-0.11293527973651,-0.909582362436774
2025-01-08,1.62180213618756,0.989006350790483,0.446959400414489,2.79867634610791,-0.271399435745363,-0.015689764929335,-0.59110043918866,1.13989018811353,1.50417923930781,1.27014561004443,0.143613936289771
2025-01-09,1.25296057454126,1.65463191006641,-0.549549227312162,3.21126398464638,1.023950737319,-0.679599366417881,-0.797981664224501,1.08618473022058,-1.21538089160136,-1.46301832760999,2.14672009667497
2025-01-10,0.665118832734618,2.30192441411429,-0.355606061146944,3.62385162318485,-0.239441616483225,-0.325624080152945,0.480200814788174,1.24386383459081,2.09784345339513,-1.5281717047143,-0.658911003623085
2025-01-11,1.0303888140116,-0.00166029285312766,-0.440707735524825,0.421685261059615,-0.378981319741596,-0.207612235272764,0.485465087527836,1.31564514166143,-1.32527468198322,-0.570319790022269,0.112702385896459
2025-01-12,0.98236202849976,0.113616835356298,-0.455219803120895,-0.695735728548808,-0.474521399422047,0.00767706533021934,0.084580060712061,1.21349719886368,0.160623263570453,-0.359872853838944,0.305947151785713
2025-01-13,1.34870633662448,1.60984507295722,0.600758654944479,-1.01677727942558,-0.431066274871993,0.0330552039376589,-0.146261725040265,1.12916490231796,-0.0974074553832892,-0.113027515868515,-0.437433480973755
2025-01-14,1.19911413608532,-0.419354676133932,-0.554906638773546,-0.306332688250838,0.932328408961912,0.00999836680678431,0.431040082473231,0.958791813378536,-1.78213011183298,1.67715256665238,-0.210813548992302
2025-01-15,1.47944123172399,0.232775719451843,-0.793325837133664,0.375762858101079,-0.271399435745363,0.196010675104956,-0.59110043918866,1.13989018811353,0.391983644460594,-1.41498615953891,-0.555154877154701
2025-01-16,1.70652251013654,0.898401278727771,-0.775055634139099,0.568961902639498,-0.291465112611986,-0.0444980463150074,-0.797981664224501,1.08618473022058,2.1212058929403,-1.46301832760999,0.749182469786021
2025-01-17,1.28245080037302,0.789463151437011,-0.355606061146944,-0.313382794826251,-0.239441616483225,0.309477239949929,-0.250984444702561,1.24386383459081,0.985647858547907,-0.633127781519847,0.0398578098213878
2025-01-18,0.502149079538246,-0.00166029285312766,-0.215201328697888,1.93600619106388,-1.69439716967258,0.215788644795818,0.485465087527836,0.164941939574368,-0.769176884559611,-0.570319790022269,0.112702385896459
2025-01-19,0.896322782123164,-0.642613795982342,-0.455219803120895,-1.30146410055052,-0.474521399422047,0.642778385433093,0.084580060712061,1.21349719886368,0.716721060994063,1.43021499254995,0.305947151785713
2025-01-20,1.05363757679788,-1.41507745239734,-0.752279786017142,-0.713913093424723,-0.431066274871993,0.879856964074824,0.584923534450469,-0.0215382997690985,-0.0974074553832892,-0.113027515868515,0.261335332470718
2025-01-21,1.20211519394121,0.336875955204708,-1.34417906266782,-0.003468502249984,-0.383087440969075,0.85680012694395,1.8934106014547,-0.191911388708524,-1.22603231440937,-0.11293527973651,1.88549289134112
2025-01-22,1.46357589935757,-1.27968554322544,-1.69535146444141,0.375762858101079,-0.271399435745363,-0.015689764929335,0.140084820302075,-1.16151621606059,-0.720211950386626,2.16518953323888,-0.555154877154701
2025-01-23,1.25862262244267,-1.37029061528815,-1.45157485461991,1.84837514764254,-1.60688096254297,-0.679599366417881,1.3955741142477,-0.0645184718664836,-0.103185296754143,0.327069518778905,0.0504136563415481
2025-01-24,1.05525787146575,-0.722998111240269,-2.04690411234897,3.320987437184,-0.897149541448718,-0.749024960221527,-0.250984444702561,0.0931606325037519,3.21003904824235,-0.633127781519847,0.0398578098213878
2025-01-25,0.874273484270464,-0.757890924191768,-0.553460938938294,0.118821075058761,-0.378981319741596,-0.631013115341347,1.21665034701857,0.164941939574368,-0.213079087136,0.324724133172179,0.112702385896459
2025-01-26,0.646194434653183,-0.642613795982342,-0.455219803120895,-0.392871542547954,2.15631030043993,-0.627424254772655,0.815765320202796,0.0627939967766196,0.160623263570453,0.535171069355503,-0.39282166165876
2025-01-27,0.829511242255884,-0.658846821058699,-0.86503298943061,-0.713913093424723,0.884349575058993,-0.602046116165215,0.584923534450469,-0.0215382997690985,-0.653505252806899,0.782016407325933,-0.437433480973755
2025-01-28,0.983299307421768,-0.419354676133932,-1.45693226608129,-0.003468502249984,-0.383087440969075,-0.201702073227507,1.8934106014547,-0.191911388708524,0.442261077861459,0.782108643457937,0.487955264452171
2025-01-29,1.31366393366587,-0.523454911886797,-1.69535146444141,0.981491230102787,-0.271399435745363,0.196010675104956,-2.05347095817013,1.13989018811353,2.06027703673142,0.375101686849981,0.143613936289771
2025-01-30,1.19900997320497,-1.37029061528815,0.690736010235991,0.568961902639498,-0.291465112611986,0.378902833753575,2.12675937373844,1.08618473022058,0.452912500669467,-0.567974404415543,-0.648355157102924
2025-01-31,2.17851224447806,-1.47922874257891,-0.806618874800818,0.292345577175457,-0.239441616483225,0.097776799915638,0.480200814788174,0.0931606325037519,-1.23874333114653,0.2619161416746,-0.658911003623085
2025-02-01,1.1855034919574,-0.00239119671080609,-0.0972925328761366,0.564202054635011,-0.811682866084968,0.340855119879012,3.40102724335176,0.279709934274897,1.17862803721549,0.138286829210285,0.0706069443837499
2025-02-02,1.56898927356517,-0.64334469984002,0.11370180635473,-0.856083120974266,-0.907222945765419,0.132743540413414,0.806586438063783,0.177561991477149,0.996232590498332,0.348733765393609,0.962620523717477
2025-02-03,1.08463620828078,0.0966529064222627,-0.296111379954985,0.337196258153234,-0.863767821215365,0.158121679020853,1.30692991180219,0.0932296949314305,-0.37399372330263,-0.29946481983041,2.31554633129143
2025-02-04,1.58807867810769,-0.420085579991611,-0.436997842951794,-0.466680080676296,0.49962686261854,0.770166161992853,-0.309324059156516,-0.077143394007995,-0.390422987481492,0.595671339496043,-0.25290899050501
2025-02-05,1.2271411880195,-0.524185815744475,-0.675417041311913,2.63832895368245,-0.704100982088734,0.956178470291025,-0.600279321327673,1.25465818281406,0.671495173964863,-1.60142346350081,0.101518494777063
2025-02-06,0.763082142604817,0.141439743531452,-0.657146838317347,0.105750324213186,0.591249190975628,1.56247150900823,-0.807160546363514,1.20095272492111,0.732424030173736,1.03567613801146,0.00831821482883946
2025-02-07,1.23874385471229,0.0325016162406925,-1.70348890970028,0.131998184749999,0.64327268710439,1.49304591520458,-1.72253384582304,0.207928627204281,-0.403134004218654,-0.819565085481742,1.39529999519762
2025-02-08,0.718279048540612,-0.758621828049446,-0.999318160183884,0.564202054635011,0.503732983846019,0.975956439981886,0.476286205388823,0.279709934274897,-0.489665355055341,-0.756757093984163,0.769375757828222
2025-02-09,1.17597504464206,-0.64334469984002,-0.788323820953017,0.35537362302915,0.408192904165567,1.61464662065345,0.0754011785730482,0.177561991477149,0.440134793074722,-0.546310157800839,1.66138933716195
2025-02-10,1.72234398175319,-0.659577724916378,-1.3108902106762,0.0343320721523805,-0.863767821215365,1.64002475926089,-0.155440607179278,0.0932296949314305,0.18210407412098,-0.29946481983041,0.219239890958009
2025-02-11,1.52310761538531,-0.420085579991611,-1.00076386001914,-0.466680080676296,0.49962686261854,0.981866602027144,1.15304645982495,-0.077143394007995,1.83396820221295,1.49071526269049,-0.951677803949483
2025-02-12,1.17365239242104,0.988275446932805,-1.23918305837925,-0.390312906326087,0.611314867842252,1.5912797903939,-0.600279321327673,-1.04674822136006,-1.55289601572958,0.188664382888086,0.101518494777063
2025-02-13,0.839406113008608,0.897670374870093,-0.318887228076942,1.01434288221575,-0.724166658955358,0.0805684287681869,0.655209972617956,0.0502495228340453,-0.379771564673484,-0.754411708377438,1.40585584171778
2025-02-14,1.16561533752254,0.0325016162406925,-0.575956875565598,0.789272468425379,-0.672143162826597,0.011142834964541,0.471021932649161,0.207928627204281,1.82125718547579,0.970522760907154,-0.00223763169132086
2025-02-15,1.00284651271549,0.753839434627834,-0.661058549943479,0.564202054635011,0.503732983846019,-0.929347520326735,1.93865672437029,0.279709934274897,1.17862803721549,-0.756757093984163,0.0706069443837499
2025-02-16,1.6839894528012,-0.64334469984002,-0.788323820953017,-0.856083120974266,-0.907222945765419,-0.290657339655169,0.0754011785730482,0.177561991477149,-0.672060801772498,-0.546310157800839,-0.434917103171468
2025-02-17,1.90310977144014,-1.41580835625502,-1.08538380384926,0.0343320721523805,-0.863767821215365,-1.11208096118489,0.575744652311457,1.24393289701849,0.73820187154459,-0.29946481983041,0.219239890958009
2025-02-18,2.20391320609805,-1.17631621133025,-1.79003628391341,-1.67813682467971,0.49962686261854,-0.923437358281478,0.421861200334218,-0.077143394007995,1.83396820221295,-0.299372583698405,0.445859822939462
2025-02-19,1.14502156677711,-0.524185815744475,-2.02845548227353,0.215415465675621,-0.704100982088734,-0.949125490017597,2.32446171663527,-1.04674822136006,-2.10899381315319,1.08370830608253,2.19782493511048
2025-02-20,1.21432994618302,0.141439743531452,-1.33366605879816,-0.499978047788522,-0.724166658955358,-0.554532891334687,-0.807160546363514,0.0502495228340453,-0.379771564673484,-0.754411708377438,0.00831821482883946
2025-02-21,1.21061994714655,-0.723729015097948,-2.04174851994069,-0.170866001250855,-0.672143162826597,0.857944595101706,-0.991348586332308,-2.09347777696984,1.26515938805218,-0.819565085481742,-0.701006445135793
2025-02-22,1.14737078268593,-1.51485245938809,-2.12685019431857,3.59284391464355,-0.811682866084968,0.764255999947595,1.93865672437029,-2.02169646989922,0.0664324423682689,-0.756757093984163,-0.628161869060723
2025-02-23,1.19111658375736,-0.64334469984002,-1.35208983802036,0.0525094370282958,-0.907222945765419,0.556144420481996,0.806586438063783,-0.973141210609912,-0.115963004348888,-0.546310157800839,-0.434917103171468
2025-02-24,1.07889762601271,-1.41580835625502,-1.42364341408967,-0.268532113848473,-0.863767821215365,0.369822119055145,1.30692991180219,-1.05747350715563,-0.37399372330263,-0.29946481983041,-1.17829773593094
2025-02-25,1.90969714564075,-1.17631621133025,-1.1135170634326,1.35050503532883,0.49962686261854,0.558465721958561,-0.309324059156516,-0.077143394007995,0.165674809942118,-1.19441650689285,-0.25290899050501
2025-02-26,1.61948211343762,0.232044815594165,-0.562663837898444,-1.29890546432865,0.611314867842252,0.109376710153859,0.862091197653796,0.103954980727001,0.671495173964863,-0.706379540306361,0.101518494777063
2025-02-27,1.38210071774377,-0.614790887807188,-0.544393634903879,0.711478696214894,0.591249190975628,-0.131132011266104,-0.807160546363514,0.0502495228340453,-0.935869362097094,0.14063221481701,0.00831821482883946
2025-02-28,0.861302872664311,-0.723729015097948,-0.350450468738661,1.94918330075512,0.64327268710439,0.222843274998832,-1.72253384582304,0.207928627204281,-1.51532959906587,0.970522760907154,-1.39977525858027
2025-03-01,0.390511443976301,-1.33093074347813,-0.605918851263269,0.0968673735635623,0.744120101570966,1.55975287562014,1.84368626217739,0.173409897913767,-0.348284100943017,-1.01142714126299,-1.51487468323061
2025-03-02,0.651544316271364,-1.2156536152687,-0.394924512032403,-0.717689430044006,-0.666835828040472,1.56334173618883,-0.0195692836198546,1.22196515720308,0.0254182497634362,0.0940637181147777,0.0759077095475894
2025-03-03,0.922894296134159,-1.23188664034506,-0.917490901755586,-0.130138422918214,0.692035146440569,1.58871987479627,-0.250411069372181,1.13763286065736,-0.232612469190306,-0.554134867109241,0.0312958902325939
2025-03-04,1.52356262424916,-0.40796005442047,-0.494611347685053,0.883170354257379,-0.575401869587499,1.14226215759681,-0.404294521349419,-0.183443430369124,0.863153861478052,-1.44908655417168,-0.440852991230425
2025-03-05,1.10415343640615,0.415966531504122,-0.507524139218235,-0.251919215395827,-0.463713864363787,1.53997490592928,-0.695249783520575,-1.15304825772119,-0.299319166770033,-0.961049587585192,2.00988093438507
2025-03-06,0.623311405733586,-1.18709980323587,-1.27852636011795,1.45560075914686,-0.483779541230411,0.876065304440731,2.02261002940652,-1.20675371561414,-0.79448810798477,-0.114037832461821,-0.878394599341048
2025-03-07,0.571880925267062,-1.29603793052663,-1.87385561784701,-3.06111417032913,0.883659804829337,0.806639710637085,-0.355133789034476,0.101628590843152,-1.37394834495355,-1.96927905595502,-0.190181632416736
2025-03-08,0.420291461500737,0.181530519199151,-0.944178461503675,0.70259574556527,-0.57129574836002,1.77145331565443,1.11250100268665,-0.977293304173293,-2.01657749321385,0.778660705125901,0.581431757102807
2025-03-09,0.566303138919253,-0.459422983930064,-1.52245654616709,-0.717689430044006,0.648580021890514,1.56334173618883,-0.0195692836198546,0.0712619551160192,0.0254182497634362,0.0940637181147777,1.47344533643653
2025-03-10,1.05714618386951,0.280574622332219,-2.15777613930374,0.475589949083494,-0.623380703490418,1.37701943476198,0.480774190118554,-1.16377354351676,0.323485328233304,-0.554134867109241,0.730064703677066
2025-03-11,0.693984981650321,-0.992394495420294,-2.18590939888708,0.277441982255671,-0.575401869587499,0.295460397459649,0.326890738141316,-1.33414663245618,1.97534945632527,-1.44908655417168,1.65545344910299
2025-03-12,1.0072654578398,-0.340264099834519,-1.63505617335292,0.959537528607588,-0.463713864363787,0.26977226572353,0.767120735460894,-0.00234505563412869,0.812876428077188,-0.0660056643907446,-0.785194319392825
2025-03-13,0.710004785050353,0.325361459441409,-1.39127956353142,0.244144015143445,0.831636308700576,-0.605837775799308,-0.902131008556416,1.09465268855998,-1.35058590540838,-0.114037832461821,1.21791184099237
2025-03-14,0.88006782127988,-1.29603793052663,-1.5355960076066,1.17898443368282,0.883659804829337,-0.675263369602954,1.83842198943773,1.25233179293021,0.29434504731728,0.715852713628323,1.20735599447221
2025-03-15,0.652266563714005,-1.33093074347813,-1.45156787686428,-0.508860998438145,0.744120101570966,-0.345551084688482,-1.81224003527628,0.173409897913767,0.763911493904203,-1.01142714126299,0.581431757102807
2025-03-16,0.519797808769436,-1.2156536152687,-2.08622256323443,0.493767313959409,0.648580021890514,-0.34196222411979,0.71161597587088,0.0712619551160192,0.0254182497634362,0.0940637181147777,0.0759077095475894
2025-03-17,0.976296681257141,-1.23188664034506,-2.38328254613068,0.475589949083494,-0.623380703490418,-0.31658408551235,0.480774190118554,-0.0130703414296988,0.323485328233304,1.23595297927965,0.0312958902325939
2025-03-18,0.896102172330549,-0.236163864081654,-1.73489658523321,1.79176291225994,0.740013980343487,-0.551341362677516,-0.404294521349419,-1.33414663245618,1.97534945632527,0.341001292217212,0.95668463565852
2025-03-19,0.812353246303849,-1.09649473117316,-2.19882219042026,0.0509449706050267,-0.463713864363787,-0.788729934447927,0.767120735460894,-1.15304825772119,1.3689742255008,-0.0660056643907446,-0.0864255059483524
2025-03-20,0.586389439393302,0.325361459441409,-1.05301995329101,1.15273657314601,-1.7991953911614,-0.817538215833599,0.560239510425053,-0.056050513527084,0.31770748686245,-0.114037832461821,-1.57716341278552
2025-03-21,0.789182386826731,1.72888459482793,-0.295310770058451,2.69330536368709,-0.431756045101649,-0.463562929568662,-0.355133789034476,-1.04907461124391,-0.26175275010633,-1.07423513276057,0.508587181027737
2025-03-22,0.510296029427793,1.69399178187643,0.634366386284883,1.00545993156612,-0.57129574836002,0.0778497953801003,0.38131574319592,-0.977293304173293,-0.904381898366627,-0.116383218068546,0.581431757102807
2025-03-23,0.929968771226345,1.05303827874722,0.732607522102282,-0.717689430044006,-0.666835828040472,0.716539976051667,-0.0195692836198546,0.0712619551160192,-0.530679547660174,-0.80098020507967,-0.622861103896883
2025-03-24,0.817050901720031,1.03680525367086,0.999313556273377,0.17272576308264,-0.623380703490418,0.741918114659106,-0.250411069372181,-0.0130703414296988,-0.232612469190306,0.340909056085207,0.730064703677066
2025-03-25,0.961574472324867,-0.236163864081654,0.858427093276568,1.48889872625909,-0.575401869587499,-0.127940482608933,-1.13547978084015,-0.183443430369124,1.41925165890166,0.341001292217212,-0.440852991230425
2025-03-26,0.685960563626499,-0.340264099834519,0.394501488089513,1.26240171460844,0.851701985567199,0.0580718256892385,-0.695249783520575,-1.15304825772119,-0.855416964193643,0.829038258803703,-0.785194319392825
2025-03-27,0.847251680570904,-0.430869171897231,0.187265284257141,0.244144015143445,-0.483779541230411,0.240963984337857,0.560239510425053,-0.056050513527084,-1.35058590540838,-1.90412567885072,-0.179625785896576
2025-03-28,0.838661239934857,0.216423332150649,-0.295310770058451,-1.24392905432401,-0.431756045101649,0.383238830568503,-0.355133789034476,-1.04907461124391,1.96263843958811,0.715852713628323,-1.58771925930568
2025-03-29,0.67709542058266,-0.57470011213949,-0.154906037609396,0.0968673735635623,-0.57129574836002,0.501250675448683,0.38131574319592,-1.36086103820231,2.43220488617503,-0.116383218068546,-0.117337056341665
2025-03-30,0.51327202051403,0.296807647408577,0.619854318688813,0.493767313959409,-0.666835828040472,0.504839536017375,-0.0195692836198546,-1.84657671502908,-0.530679547660174,-0.80098020507967,-0.622861103896883
2025-03-31,0.820708990887475,0.280574622332219,0.435547539206035,-0.130138422918214,-0.623380703490418,0.741918114659106,-0.250411069372181,-2.31447674560382,0.323485328233304,-0.554134867109241,-0.667472923211879
2025-04-01,0.863399837209102,1.234773692181,0.271859275239786,2.73331912036632,-1.97339647426218,0.271771042013016,1.19575828858671,-1.07724897770204,-0.406037473355736,-1.14962160157629,-0.759263495021051
2025-04-02,0.691439968717379,1.13067345642813,0.484452890533541,0.992501178711401,0.769123230823509,0.457783350311188,1.63598828590629,-0.896150602967047,-0.456314906756601,0.233459288204649,-1.80237363662792
2025-04-03,0.776003259154194,1.79629901570406,-0.286549330366172,2.09429278125238,0.749057553956885,1.48747726909697,0.697921801379715,1.35155034331412,0.716809544299492,-0.709616803060875,-1.19680510313167
2025-04-04,0.610966801613412,-1.33756163694126,-0.656372181268297,0.909083897785779,-1.82975064977633,2.0531529953962,-0.217451498079814,1.50922944768435,-1.53094408494012,1.91036158941816,-0.508592136207361
2025-04-05,0.752547352517483,0.89623744412316,0.273304975075038,0.735559395669083,0.661541346827276,1.53606352017351,-0.212187225340152,-0.720395649419151,0.0508179564940251,0.183081734526847,0.263021253312182
2025-04-06,0.708239242296184,0.255283940993945,0.709805721132841,-0.38186159393934,0.566001267146824,1.5396523807422,0.118113007334808,0.328159609870161,-0.687675287646742,-0.501515252484277,-0.941271607687509
2025-04-07,0.879502009268872,-0.517179715421052,0.638252145063532,-0.400038958815255,0.609456391696878,1.56503051934964,0.618456481073216,-0.906875888762617,-0.389608209176874,-0.254669914513847,0.411654199886441
2025-04-08,1.32523781847614,0.478543060842355,0.610118885480191,0.310405632359484,0.657435225599797,0.483471482047307,-0.997797489885491,0.0734542243850176,-0.406037473355736,-0.254577678381843,-0.0604946815765781
2025-04-09,1.40580703152983,-1.13801843758779,0.822712500773946,-1.12754812329458,-0.546292619107478,0.457783350311188,0.173617766924822,-0.896150602967047,-0.456314906756601,-0.661584634989799,-1.80237363662792
2025-04-10,0.797686853134099,-0.472392878311862,0.840982703768512,0.277107665247258,-0.566358295974101,0.852375948994098,-0.0332634581110194,-2.10055926294706,1.2729073417231,-0.709616803060875,-1.19680510313167
2025-04-11,0.635539704836116,0.931130257074658,0.132900242625982,0.000491339783217548,-0.51433479984534,0.782950355190452,-0.217451498079814,-1.94288015857683,-0.418748490092898,1.91036158941816,-0.508592136207361
2025-04-12,0.746110382392601,1.6524680754618,0.611564585315443,0.129831023667375,-1.9692903530347,0.689261760036341,-0.943372484830887,-0.720395649419151,1.71911134876486,-1.60700611186205,-1.13451637357676
2025-04-13,0.868822136583075,1.76774520367123,0.709805721132841,-0.38186159393934,-2.06483043271515,0.904551060639325,0.118113007334808,-0.822543592216899,-0.131577490223132,-0.501515252484277,-0.941271607687509
2025-04-14,1.26673078344271,0.995281547256229,0.638252145063532,-0.400038958815255,-0.705959458234108,0.929929199246765,0.618456481073216,1.3945305154115,-0.389608209176874,-0.254669914513847,-0.985883427002504
2025-04-15,1.14195196052719,1.234773692181,1.06113169913407,0.310405632359484,0.657435225599797,0.90687236211589,-0.997797489885491,0.0734542243850176,2.37445151376231,-1.14962160157629,-0.759263495021051
2025-04-16,0.922985248415693,-0.38178780624915,-0.643079143601143,0.992501178711401,-0.546292619107478,1.30458511044835,1.63598828590629,0.254552599120013,0.65588068809062,-0.661584634989799,-1.10360482318345
2025-04-17,0.895018768186159,0.283837753026778,0.27721668670117,-0.631484892755303,-0.566358295974101,0.852375948994098,-1.49563397709249,0.200847141227058,0.716809544299492,-0.709616803060875,-0.498036289687201
2025-04-18,0.447894071155475,-0.581331005602622,0.132900242625982,0.606219711784925,-0.51433479984534,0.571249915156161,0.51373376141092,-0.792176956489767,-0.974846287516508,0.120273743029268,-0.508592136207361
2025-04-19,0.353828861718023,-0.616223818554121,-0.290461041992304,-0.173033162333479,-0.653874503103711,0.47756132000205,-0.212187225340152,-1.87109885150621,-0.505279840929585,0.183081734526847,0.263021253312182
2025-04-20,0.351972530595389,0.255283940993945,-0.0794667027614376,-0.684725779940194,-0.749414582784163,0.692850620605034,0.118113007334808,-1.97324679430396,0.424520307200478,1.28857259390462,1.85380364609038
2025-04-21,0.492589610841236,0.239050915917588,0.525498941650063,0.205689413186453,0.609456391696878,0.929929199246765,-0.112728778417518,-0.906875888762617,-0.389608209176874,-0.254669914513847,0.411654199886441
2025-04-22,0.909719034169751,0.478543060842355,1.62489771620141,-1.80964366964649,1.97285107553078,0.695171922081599,-0.266612230394757,0.0734542243850176,-0.962135270779346,-1.14962160157629,-0.0604946815765781
2025-04-23,1.19371891528113,1.13067345642813,0.822712500773946,-0.521819751292868,0.769123230823509,-0.600718849860268,0.904803026415556,1.40525580120707,-2.12460829902743,-1.55662855818425,-1.80237363662792
2025-04-24,0.55216931375032,1.04006838436542,0.164463483287701,0.882836037248966,0.749057553956885,0.00557418885693305,-0.764448717601754,0.200847141227058,2.94120073399393,0.185427120133572,-1.19680510313167
2025-04-25,0.642541346926457,0.174899625736018,0.809419463106793,0.909083897785779,0.801081050085647,0.35954947512187,-0.217451498079814,0.358526245597293,0.137349307330712,0.120273743029268,0.190176677237111
2025-04-26,0.689772685277974,0.140006812784519,-0.0649546351653673,-0.173033162333479,0.661541346827276,0.0541604399334673,1.98136855313205,-0.720395649419151,1.71911134876486,1.07812565772129,-0.435747560132291
2025-04-27,0.553325941109169,0.255283940993945,-0.304973109588374,-0.0789974079384858,-0.749414582784163,-0.365651579566423,0.849298266825543,-0.822543592216899,-0.131577490223132,0.393528670710171,-0.242502794243036
2025-04-28,1.22119990379872,0.239050915917588,-0.71478629589809,0.205689413186453,-0.0482515332686152,-0.340273440958983,0.618456481073216,0.243827313324443,-0.389608209176874,-0.254669914513847,-0.287114613558031
2025-04-29,0.77716273847284,1.99100432351964,-0.855672758894898,1.21899819036205,0.657435225599797,0.695171922081599,-0.997797489885491,1.22415742647208,0.150060324067874,-0.254577678381843,1.33704294531237
2025-04-30,0.75442405933173,1.88690408776677,-1.09409195725502,1.29536536471226,-1.86170846903846,0.66948379034548,0.904803026415556,-0.896150602967047,-0.456314906756601,-0.661584634989799,-1.10360482318345
2025-05-01,0.593151757808654,1.64243464181901,-0.0621644125571771,1.84555072965384,-0.531917472276788,1.54439342835096,1.29074468636373,-0.726482141884309,0.4191380862911,0.126566847812407,-0.971441812781551
2025-05-02,0.372721392820016,2.28972714586689,0.470038363848446,1.5689344041898,-0.479893976148027,1.05156695447873,-0.355813872586538,-1.71950623960113,1.2945910793388,-0.833630452486346,0.415539967587234
2025-05-03,0.418388498651012,0.742373070238115,-0.404335734423714,0.486817344070546,-0.619433679406397,1.3812792393932,-0.350549599846877,-0.497021730443457,0.651961931078503,-0.770822460988767,0.488384543662305
2025-05-04,0.43009161469673,0.101419567108901,-0.531601005433253,-0.0248752735361684,-0.714973759086849,1.3848680999619,-0.0202493671719165,-1.74987287532827,-0.642629110485874,-0.560375524805443,-0.0171395038929132
2025-05-05,0.400228926497842,0.0851865420325437,-0.603154581502562,0.25981154758877,-1.98693448446778,1.41024623856934,-0.251091152924243,-1.83420517187398,0.211535765407604,-0.313530186835013,0.637017490236564
2025-05-06,0.690484983586264,-0.43155194438133,-0.293028230845497,-0.54406479124076,-0.623539800633876,1.81059028150704,-0.404974604901481,-2.00457826081341,-0.360991296194868,-1.20848187389746,-1.2326690181154
2025-05-07,0.71480420483968,-1.29188281147283,-0.869707039446022,0.440894941112011,-0.511851795410164,2.20830302983951,0.766440651908832,-1.82347988607841,0.144829067827878,0.174599015883483,0.519296094055618
2025-05-08,0.519439740044983,-0.626257252196907,-1.07694324327839,-0.88022694435384,-0.531917472276788,1.75609386838525,-0.902811092108478,0.424221060202752,2.43014911373119,1.02161077100685,1.82363344099634
2025-05-09,0.657679013291952,0.0210352518509735,-0.093727653218896,1.26607021818895,0.83552187378296,1.47496783454732,-1.81818439156801,0.581900164572987,0.18239548449158,-0.833630452486346,0.415539967587234
2025-05-10,0.608070551406248,1.49860370157676,0.272183486057096,0.7896815300714,-0.619433679406397,1.5929796794275,-1.08173485933761,0.653681471643603,1.20805972850211,1.01926538540013,-0.210384269782168
2025-05-11,0.766081700606365,1.61388082978618,-0.193341395192848,-0.0248752735361684,0.600442090844137,1.59656853999619,-0.0202493671719165,-0.599169673241205,-0.0865313130622637,-0.560375524805443,-1.41467713078186
2025-05-12,0.788734962653387,-0.671044089306096,-0.490401378089094,0.25981154758877,-0.671518634536795,1.62194667860363,-0.251091152924243,0.467201232300137,0.767633562831214,-0.313530186835013,-0.0617513232079087
2025-05-13,0.82603008593189,0.324678686957311,-0.856794247912839,0.97025613876351,-0.623539800633876,1.38718940143846,-0.404974604901481,-2.00457826081341,-0.360991296194868,-1.20848187389746,0.863637422218017
2025-05-14,0.661961645091195,-0.157536864464874,-0.897895340299389,0.138030755111157,-0.511851795410164,1.36150126970234,0.766440651908832,-1.82347988607841,-0.967366527019343,0.174599015883483,0.519296094055618
2025-05-15,0.453637350960689,-0.626257252196907,-0.90781343815819,-0.577362758352986,-0.531917472276788,1.33269298831667,-0.171625832617744,0.424221060202752,1.31795351888397,1.9166546942013,0.426095814107394
2025-05-16,0.388288421837004,-1.11331069515699,-0.967564979673276,-1.15684326981788,-0.479893976148027,0.839866514444441,-2.54936965105874,-0.568803037514073,0.18239548449158,0.95645739390255,0.415539967587234
2025-05-17,0.378368200321485,-1.52631882377781,-0.855348548077588,-1.53227722926848,-0.619433679406397,0.463910665911275,-1.81292011882835,-0.497021730443457,-0.460233663768717,0.124221462205681,0.488384543662305
2025-05-18,0.504433559888163,-0.654811064229739,-0.75710741226019,0.479898369798588,-0.714973759086849,0.185232273100912,-0.751434626662651,-0.599169673241205,0.469566484361346,0.334668398389005,1.38039812299603
2025-05-19,0.719396606054645,0.0851865420325437,0.524377452632122,0.562675733589624,-0.671518634536795,-0.0716568416707028,-0.251091152924243,-0.683501969786923,0.211535765407604,-0.313530186835013,-0.760520136652381
2025-05-20,0.895812369159466,0.324678686957311,0.947257006702656,1.57598451076522,-1.93895565056486,-0.729814998904452,-1.13615986439222,-0.853875058726349,-0.917089093618478,1.47664989568589,2.26117504910696
2025-05-21,0.552812096027405,0.220578451204446,0.708837808342536,-0.164833430889697,-1.82726764534115,0.0912986294965943,-0.695929867072637,-0.672776683991353,-1.52346432444295,-1.61548883050541,-2.27577915972227
2025-05-22,0.630181982862279,0.886204010480374,0.0505887908562913,-0.88022694435384,0.783498377654198,-0.996011852060534,-0.171625832617744,-0.726482141884309,-1.46253546823408,1.02161077100685,-0.971441812781551
2025-05-23,0.444373450642386,0.777265883189614,0.695544770675383,-0.248250711815319,0.83552187378296,-0.430336125761306,-0.355813872586538,-0.568803037514073,-1.48589790777925,0.0614134707081021,1.11430878103171
2025-05-24,0.369349086876355,-0.0138575611005251,0.610443096297502,-1.22941304326763,0.695982170524589,-0.594591534260181,-0.106821180016632,-1.64772493253052,-1.57242925861594,0.124221462205681,1.18715335710678
2025-05-25,0.193265202011867,-0.654811064229739,0.144918215047558,0.177034183797734,0.600442090844137,-0.661569487036252,0.467207472488573,-1.74987287532827,-0.0865313130622637,1.22971232158345,2.77793574988498
2025-05-26,0.320404959585786,-0.671044089306096,-1.27967380198337,-0.345916824412938,0.643897215394191,-0.706758161773577,0.480094106566492,-1.83420517187398,0.211535765407604,1.47655765955388,-0.0617513232079087
2025-05-27,0.548163420138342,-1.18778257571997,-1.08230065473978,-1.14979316324247,0.69187604929711,-1.15321587897303,-1.13615986439222,0.296828143360711,-1.47318689104209,0.581605972491439,0.863637422218017
2025-05-28,0.600320340724978,-1.29188281147283,-1.88448587016724,-0.164833430889697,0.803564054520822,-1.39060445074344,1.49762591139957,-0.672776683991353,-0.967366527019343,-0.720444907310965,-0.179472719388855
2025-05-29,0.455496186420114,-1.38248788353555,-2.20447527741308,-0.577362758352986,0.783498377654198,-1.20771229209483,-0.171625832617744,-0.726482141884309,1.87405131630758,0.126566847812407,0.426095814107394
2025-05-30,0.795668537271672,-1.49142601082631,-0.883000077113175,-0.853979083817026,0.83552187378296,-1.48883832593276,1.10655664639493,-0.568803037514073,-0.92980011035564,0.0614134707081021,-0.981997659301711
2025-05-31,0.568039609819824,-0.0138575611005251,-1.30636136173146,-1.33036777193458,0.695982170524589,-1.37082648105258,1.35554933896484,0.653681471643603,-1.3870633261414,-0.472474486590618,-0.210384269782168
2025-06-01,0.442324552389213,-0.0403471156857601,-0.272166606447081,0.293428309421832,-0.713232433499039,-0.502710183702375,1.64160144988297,-0.533875795559146,-0.423509805434682,-0.0416209551275508,-0.933234876051447
2025-06-02,0.962194102319518,0.699650490576523,-0.343720182516391,0.275250944545917,-0.669777308948985,-0.265631605060644,1.65448808396089,-1.76891129419192,-0.496174591913887,-0.39147156595342,0.419690931522502
2025-06-03,0.934775978188355,0.18291200416265,-0.710113052340136,0.0771029777180944,0.69361737488492,-0.288688442191519,0.769419372492913,-1.93928438313135,-0.512603856092749,-1.28642325301586,-0.0524579499405168
2025-06-04,0.641322607414377,-1.4336494942675,-0.948532250700255,0.456334338069158,0.805305380108632,0.744125626243818,-0.252721149168978,-0.607482806309294,-0.00678349207000392,-0.798386286429372,-1.09556809154739
2025-06-05,0.418447990865884,-1.52425456633021,-1.83228767501344,0.95239756860843,-0.530176146688978,0.503616904823855,-1.19078763369555,-0.661188264202249,-0.501952433284741,-1.7414623776949,1.60630688228228
2025-06-06,0.405253914890219,-0.120731430943688,-2.08935732250209,0.67578124314439,-0.478152650560216,0.6458917510545,0.0873948453171211,-0.503509159832013,3.36736970913536,-1.8066157547992,1.59575103576212
2025-06-07,0.357143724773718,2.86929828145937,-1.04692696274529,-0.608245274308771,-0.617692353818587,0.622769969245152,-0.151069301773462,-0.431727852761397,1.61254496602784,-1.74380776330162,2.36736442528166
2025-06-08,0.374834103297893,2.9845754096688,-1.51245184399523,0.495337766755735,-2.02864828343003,0.696925643158609,-0.0644974889287464,1.76753060861498,1.43014951931069,-0.638316903923849,0.464302750837498
2025-06-09,0.439653186019161,-0.812810772100758,-2.26052464054535,-0.330477427455791,0.645638540982002,0.792870595110812,-0.539067694511318,0.532495109982197,0.0599232055097231,-0.39147156595342,1.81722855841145
2025-06-10,0.419948431830197,-0.573318627175991,-1.95039828988829,-0.22576120828276,-1.93721432497705,0.558113317945646,-0.692951146488556,-1.93928438313135,0.0434939413308608,-1.28642325301586,0.646310863503956
2025-06-11,0.283471653985072,0.835042399748425,-1.5122982677676,-0.14939403393255,2.12072123003962,0.320724746175236,-0.983906408659712,-1.75818600839635,1.10541210277722,-1.69343020962382,1.00073834878603
2025-06-12,0.345903249155168,-0.768023934991568,-1.38127486135956,1.25526175460928,-0.530176146688978,0.715317344858146,0.271582885285916,-1.81189146628931,-0.501952433284741,0.0486254686939999,-1.18876837149561
2025-06-13,0.28799110507562,-0.120731430943688,-1.07457849178088,0.67578124314439,-0.478152650560216,0.010790430951626,0.0873948453171211,-1.65421236191907,-1.63751046767713,-0.911571831604752,0.896982222317645
2025-06-14,0.336286440288196,0.600606387443454,-0.483160945677947,-0.608245274308771,0.697723496112399,-0.294598604236776,-0.151069301773462,-0.431727852761397,-1.90940775098835,-1.14711181450532,-1.1264796419407
2025-06-15,0.362483653232386,-0.0403471156857601,-0.723179420100954,0.495337766755735,0.602183416431948,-0.502710183702375,-0.0644974889287464,-0.533875795559146,-0.608875737909218,-0.3399689295257,0.464302750837498
2025-06-16,0.66775029963462,0.699650490576523,-1.24574580982414,-0.330477427455791,0.645638540982002,-0.689032485129227,-0.539067694511318,-1.76891129419192,-0.496174591913887,-0.39147156595342,-0.977846695366443
2025-06-17,0.457293831815015,0.18291200416265,-1.61213867964788,1.89428809372322,0.69361737488492,-0.50038888222581,0.0382341130021785,-1.93928438313135,0.0434939413308608,0.503664593373032,-0.751226763384989
2025-06-18,0.510922032713959,-0.677418862928856,-1.39954506435413,1.36492689607172,-0.510110469822354,-0.102676133893347,-0.983906408659712,-0.607482806309294,1.66150990020083,0.991701559959524,-1.79433690499186
2025-06-19,0.275767071082885,-0.768023934991568,-2.73431330232118,0.649533382607576,-0.530176146688978,0.291916464789563,-0.459602374204819,0.489514937884812,0.610243161562479,0.0486254686939999,1.60630688228228
2025-06-20,0.472444478751596,2.90419109441087,-0.736318881540471,0.372917057143536,-0.478152650560216,1.06929263112308,-0.643790414173613,1.79789724434211,-1.08141267025352,0.878516014784143,0.198213408873173
2025-06-21,0.590069534725147,-1.66808550657247,-1.04692696274529,-0.810154731642673,-0.617692353818587,1.04617084931373,-0.638526141433952,0.718975349325663,-0.982578088615672,0.941324006281722,-1.82524845538517
2025-06-22,0.849149435013398,-1.55280837836304,-0.610426216687486,0.394383038088784,0.602183416431948,1.12032652322719,-0.308225908758991,0.616827406527915,0.688685789412539,2.04681486565949,-0.933234876051447
2025-06-23,0.691647962602993,-1.5690414034394,-0.343720182516391,-0.330477427455791,0.645638540982002,1.21627147517939,-0.539067694511318,-0.618208092104864,1.17211880035694,2.29366020362992,-0.977846695366443
2025-06-24,0.691481380484001,-0.573318627175991,0.0791593715541431,1.89428809372322,-1.93721432497705,1.6166155181171,-2.15532166547003,-0.788581181044289,1.15568953617808,2.29375243976193,-0.751226763384989
2025-06-25,0.296100203113609,-1.4336494942675,0.17899978343443,1.06206271007087,-1.82552631975334,1.59092738638098,0.478464110321757,0.543220395777767,-1.11897908691722,-1.69343020962382,-1.09556809154739
2025-06-26,0.425500438058482,-0.768023934991568,1.09929561373674,-0.561923361395839,-1.84559199661996,1.56211910499531,-0.459602374204819,-0.661188264202249,-0.501952433284741,-1.7414623776949,3.00384450917122
2025-06-27,0.29456012450387,-0.876962062282328,0.503966356007681,-0.83853968685988,0.83726319937077,1.70439395122596,0.818580104807856,-0.503509159832013,-1.08141267025352,-0.911571831604752,0.198213408873173
2025-06-28,0.275570481835978,-0.155624243895186,-0.144901335437542,-1.61779256097828,-0.617692353818587,1.8929726094509,0.336387537887028,0.718975349325663,-1.53867588603928,-1.14711181450532,-0.427710828496229
2025-06-29,0.301710700283134,0.71588351565288,0.178846207206793,-0.00943587657902163,-0.713232433499039,2.17882872339865,0.179230930901499,-0.533875795559146,-0.423509805434682,-0.3399689295257,-0.234466062606975
2025-06-30,0.469873391486746,-0.0565801407621175,0.671058648204825,-0.330477427455791,-0.669777308948985,2.48647411538514,-0.539067694511318,-1.76891129419192,-0.496174591913887,-0.39147156595342,-1.67661550881092
2025-07-01,0.56545068256555,-0.825512280053478,0.317959618437659,0.287916115462735,0.619656044942962,-0.0321734981739694,0.291226313721821,0.386369873462338,1.30899838611046,0.600262805028754,-1.06228898532031
2025-07-02,0.5075481343891,0.582848746870937,0.305046826904477,-0.241445082188764,-0.584071799764312,-0.0578616299100887,0.000271051550664626,-1.73393815597679,1.81481875013321,-0.70178807477365,2.78598256718412
2025-07-03,0.575887266731897,-0.263986956530415,0.661576640139448,0.254618148350508,-1.91955332656192,0.336730968772821,-0.937795432975911,-0.636940411782682,-1.46083917819958,-1.64486416603917,1.29524466034695
2025-07-04,0.629137605696464,-1.12915571515982,-0.0465058210030818,-0.0219981771135323,-0.552113980502175,0.0556049349348842,3.2651280839997,-0.479261307412446,0.184091774526081,-0.814973619949031,-0.811617626506625
2025-07-05,0.411558162650374,0.348412734565967,-0.469867105621368,-0.902205779898887,-0.691653683760546,0.103049966470301,2.05175025758814,-0.407480000341831,-0.458537373734217,-1.0505136028496,1.35753338990186
2025-07-06,0.26830474577492,-0.292540768563248,-0.709885580044375,0.605196175833424,-0.787193763440997,0.24777245372852,1.16340839111188,0.641075258947482,0.471262774395847,-0.243370717869978,0.852009342346645
2025-07-07,0.791789769274812,-0.308773793639605,-0.44317954587328,0.183199896289703,0.571677211040043,0.414284219025488,-0.286075493791675,-0.593960239685297,0.213232055442105,-0.294873354297698,-1.28890891730177
2025-07-08,0.570287934978547,-0.0692816487148379,-0.133053195216215,-0.620676442539827,-0.695759804988024,0.814628261963196,-1.17114420525965,0.386369873462338,-0.359295006160368,-1.18982504136014,-0.363520171875842
2025-07-09,0.492116268485366,-0.173381884467703,0.868812843971819,1.87860421981721,-0.584071799764312,1.42404145032995,-1.4620994674308,0.567468248197334,1.81481875013321,1.98334369480969,-0.00909268659376861
2025-07-10,0.436573136845743,0.492243674808225,-0.127695783754831,-0.351110223651199,0.71127837330005,2.66543580915003,-0.206610173485176,0.513762790304378,-0.348643583352359,1.04026760354417,-1.49983059343094
2025-07-11,0.66334478211754,-0.372925083821175,-0.384765431243487,-0.930590735116094,0.763301869428812,2.1726093352778,2.53394282450897,-0.479261307412446,-0.372006022897529,0.0800703032454172,1.28468881382679
2025-07-12,0.319255244176183,-1.16404852811131,-0.131607495380963,-1.7098436092345,-0.691653683760546,2.07892074012369,1.44242920801253,0.74322320174523,-1.29268406986963,0.142878294742996,-1.43754186387603
2025-07-13,0.652018574656573,-0.292540768563248,0.192140047263372,-0.101486924835235,-0.787193763440997,2.08250960069238,0.675951551451385,0.641075258947482,-0.640932820451373,1.24836915412077,-1.24429709798677
2025-07-14,0.970015323339931,0.447456837699035,1.36087170874222,0.486064082290557,0.571677211040043,2.10788773929982,0.445109765699059,1.70744616448882,-0.342865741981505,-0.294873354297698,0.108628709587177
2025-07-15,0.706562276725177,-0.0692816487148379,0.656219228678064,0.287916115462735,-0.695759804988024,2.08483090216894,-0.439958945768914,1.5370730755494,0.752900588686853,0.600262805028754,0.335248641568631
2025-07-16,0.662293570266327,-0.929612515806343,0.07954042007754,0.0614191038120899,0.731344050166674,1.00064057026137,0.731456311041399,1.71817145028439,0.702623155285988,-0.70178807477365,0.689676126850704
2025-07-17,0.618327406512876,-1.02021758786906,0.210563826485574,-0.653974409652053,-0.604137476630936,0.971832288875695,1.25576034549629,1.66446599239144,1.87574760634208,1.04026760354417,-0.801061779986464
2025-07-18,0.538268116408213,-0.372925083821175,0.404506992650792,-1.23345492111695,-0.552113980502175,0.902406695072049,-1.12198347294471,1.82214509676167,-1.48420161774475,-0.814973619949031,0.58592000038232
2025-07-19,0.30076617854704,-0.407817896772674,0.206652114859442,-0.498386865231082,-0.691653683760546,0.385317219849356,1.07683657826716,0.74322320174523,0.0975604236893936,1.03792221793744,-0.0400042369870817
2025-07-20,0.318156029424611,-0.292540768563248,0.30489325067684,0.504241447166472,-0.787193763440997,0.388906080418048,-0.0552337080393493,0.641075258947482,-0.640932820451373,-0.541718692268128,-1.24429709798677
2025-07-21,0.739611318969171,0.447456837699035,0.346092878020999,0.788928268291411,-0.743738638890943,0.414284219025488,-0.286075493791675,0.556742962401764,-0.342865741981505,-0.294873354297698,-0.590140103857295
2025-07-22,0.433994370298258,-0.825512280053478,0.430712821851127,-0.317812256538973,-0.695759804988024,0.602927821928904,1.02241157321256,0.386369873462338,-0.359295006160368,-1.18982504136014,0.335248641568631
2025-07-23,0.309284153144214,-0.173381884467703,0.643306437144882,0.667147475813798,-0.584071799764312,1.42404145032995,0.731456311041399,-0.583234953889727,0.702623155285988,-1.5968319979681,0.689676126850704
2025-07-24,0.200592196322376,1.24847430614687,1.22534265720679,-0.351110223651199,-0.604137476630936,0.971832288875695,1.98694560498703,1.66446599239144,-0.904741380775969,1.04026760354417,1.99401347379143
2025-07-25,0.339957885840472,1.13953617885611,0.291753789237324,0.583730194888176,0.105593944463319,0.479005815003467,1.0715723055275,-0.479261307412446,-0.372006022897529,-0.814973619949031,-0.112848813062152
2025-07-26,0.171559442129876,1.10464336590461,0.544911725099848,-1.10411523723279,0.623762166170441,-0.46148454028781,0.345651318776425,-0.407480000341831,1.76585381596022,0.142878294742996,0.658764576457391
2025-07-27,0.199674110648044,1.21992049411403,-0.0333663595635648,0.201377261165618,-0.787193763440997,-0.52846249306388,-0.786418967530084,-0.509627943139579,1.58345836924307,0.35332523092632,-0.5455282845423
2025-07-28,0.257251978657799,-0.308773793639605,-0.555932749286748,-0.422528475712005,-0.743738638890943,-0.573651167801205,-0.286075493791675,-0.593960239685297,-0.342865741981505,0.60017056889675,1.50616633647612
2025-07-29,0.222493141208795,-0.0692816487148379,0.20520641502419,0.893644487464442,0.619656044942962,-0.455574378242552,1.02241157321256,-1.91503653071178,1.30899838611046,-1.18982504136014,-1.06228898532031
2025-07-30,0.15737834522407,0.582848746870937,-0.59697880040327,0.364283289812944,-1.8994876496953,-0.692962950012963,2.19382683002287,-1.73393815597679,1.2587209527096,0.193255848420798,-0.00909268659376861
2025-07-31,0.209114414172148,-0.263986956530415,-0.578708597408705,-1.25970278165376,-1.91955332656192,-0.933471671432926,-0.206610173485176,-0.636940411782682,-0.348643583352359,0.145223680349722,-0.801061779986464
2025-08-01,0.232345985255995,-0.383194087715731,-0.777838859572953,-1.07286080671909,-1.62395469481323,-0.519053512776584,-1.12988536789019,-0.596345980033083,-0.858300392970941,0.0389450738958768,-1.08733597819574
2025-08-02,0.306650434770571,-1.17431753200587,-0.637434127123898,-0.337792750833222,-0.448078548140612,-0.401041667896403,0.337749423830938,-0.524564672962467,-0.944831743807628,-0.793290857800992,-1.01449140212067
2025-08-03,0.278702644184236,-1.05904040379644,-0.539192991306499,-0.243756996438229,0.771797222109923,-0.397452807327711,2.13042017548737,-0.626712615760215,0.541066201746046,0.31220000157678,-0.82124663623141
2025-08-04,0.476076441476186,0.43718783380448,-0.61074656737581,0.646658196688418,-1.815579353202,-0.372074668720271,-0.293977388737163,-0.711044912305933,-0.273062314631306,0.559045339547209,0.531679171342539
2025-08-05,0.485973224859408,-0.835781283948034,-0.526126623545681,-0.157218142141113,0.863231180562896,-0.606831945885437,1.7456949377578,-0.881418001245358,0.822704016037051,-0.335906347515234,0.758299103323993
2025-08-06,0.367484600614141,-0.939881519700899,-0.539039415078863,0.222013218209951,0.974919185786608,0.00258124248131742,0.723554416095912,0.450383575576698,-0.895866809634643,-0.74291330412319,1.81149540205054
2025-08-07,0.505524868653124,-0.274255960424971,-0.633522415497766,-0.796244481255046,-0.360562341011002,0.185473401129936,2.71022896953227,-0.754025084403318,-0.27884015600216,-1.68598939538871,1.01952630865784
2025-08-08,0.281982355561752,1.12926717496155,-0.552332452746016,0.441460123285182,1.00687700504875,1.17455000749775,-1.86107062738093,-0.596345980033083,0.80999299929989,-1.75114277249302,-1.08733597819574
2025-08-09,0.276703320977759,0.338143730671411,0.26459150018385,0.267935621168486,-0.448078548140612,0.657460532275053,-0.393435835659797,0.626138529124594,-0.944831743807628,0.996796988587903,0.38304622476828
2025-08-10,0.318927425218211,0.453420858880837,-0.0881801776526256,-0.243756996438229,0.771797222109923,1.29615071294662,0.668049656505898,-0.626712615760215,-0.571129393101174,-0.582843921617668,1.27505980410201
2025-08-11,0.638444902425204,-1.0752734288728,-0.272486957135404,-0.261934361314144,-0.500163503271009,1.32152885155406,1.16839313024431,-0.711044912305933,-0.273062314631306,-0.335998583647239,-0.865858455546406
2025-08-12,0.622828705367319,-0.0795506526093935,0.0376393935216612,1.35710278786316,-1.76760051929908,1.51017245445748,1.7456949377578,-0.881418001245358,-1.40168717365739,0.559137575679214,-0.639238523564952
2025-08-13,0.516780347186805,-0.939881519700899,-0.200779804838458,-2.20090026979688,0.974919185786608,1.69618476275565,1.45473967558665,1.60108677766376,0.772426582636187,1.94221846546015,0.413957775161593
2025-08-14,0.643482459564931,-1.03048659176361,-0.182509601843892,-0.493380295254192,0.954853508919984,1.45567604133568,-0.214512068430664,-0.754025084403318,-1.39103575084938,0.104098451000181,1.01952630865784
2025-08-15,0.426201686945272,-1.13942471905437,-0.439579249332548,-0.164268248716525,-0.308538844882241,1.59795088756633,-0.398700108399459,0.554357222053978,-1.41439819039455,0.933988997090325,-1.08733597819574
2025-08-16,0.245707958456175,1.09437436201005,-0.0736681100565553,1.78225655117276,0.867337301790375,1.9276631724808,0.337749423830938,-0.524564672962467,0.167363851039592,0.996796988587903,-1.01449140212067
2025-08-17,0.326800144527621,-0.302809772457803,0.25007943258778,-0.243756996438229,-0.543618627821063,1.50785115298091,-0.794320862475571,-0.626712615760215,-0.0150315956775643,1.20724392477123,-0.82124663623141
2025-08-18,0.454273312459968,-0.31904279753416,0.0657726531050011,0.343794010687564,-0.500163503271009,1.53322929158835,0.437207870753572,0.439658289781127,-0.273062314631306,1.45408926274166,-0.167089642101933
2025-08-19,0.559078576458788,-0.0795506526093935,0.15039259693513,2.26569534586572,0.863231180562896,1.51017245445748,0.283324418776333,-0.881418001245358,0.266606218613441,0.559137575679214,-1.33800733700942
2025-08-20,0.543991456212149,-0.183650888362258,-0.7645458219058,0.222013218209951,0.974919185786608,0.637682562584191,1.45473967558665,0.450383575576698,1.88462217748341,0.152130619071257,-0.28481103828288
2025-08-21,0.563755690585592,0.481974670913669,0.0429968049830448,-0.190516109253339,-0.360562341011002,0.397173841164228,-1.67688258741213,0.396678117683742,-1.39103575084938,0.104098451000181,-0.378011318231103
2025-08-22,0.336397621229022,-0.383194087715731,0.4624463779752,0.744324309286036,1.00687700504875,0.11604780732629,1.06367041058201,0.554357222053978,0.80999299929989,-0.856098849298571,0.31020164869321
2025-08-23,0.454425014551715,0.338143730671411,1.39212353431853,3.29657748117703,0.867337301790375,-0.401041667896403,0.337749423830938,0.626138529124594,0.723461648463202,-1.68833478099544,0.38304622476828
2025-08-24,0.353125923785798,0.453420858880837,1.03935185648206,0.0591071895626251,0.771797222109923,-0.397452807327711,0.668049656505898,0.523990586326845,-0.0150315956775643,0.31220000157678,-0.122477822786938
2025-08-25,0.741496048580319,0.43718783380448,0.291279059931938,0.646658196688418,0.815252346659977,-0.372074668720271,-0.293977388737163,0.439658289781127,0.839133280215914,0.559045339547209,1.92921679823148
2025-08-26,0.985921961023775,0.676679978729247,1.05241822424288,-1.67153907214538,0.863231180562896,0.0282693742174367,-1.91023135969587,-0.881418001245358,-0.845589376233779,0.559137575679214,-0.639238523564952
2025-08-27,0.849938475444844,1.32881037431502,1.26501183953663,-0.989443525793465,-0.340496664144379,-0.420819637587265,0.723554416095912,-1.85102282859742,0.216328785212577,-1.63795722731764,-0.983579851727352
2025-08-28,1.15914447488168,1.23820530225231,1.73429485618507,-0.190516109253339,-0.360562341011002,-0.661328359007229,-0.945697327921398,-1.90472828649038,0.83335543884506,-0.790945472194267,-0.378011318231103
2025-08-29,0.910200899041912,-0.383194087715731,1.81548481893682,-1.98145336472165,-0.308538844882241,-0.942454392845166,-0.398700108399459,-0.596345980033083,0.25389520187628,1.82903292028477,-1.08733597819574
2025-08-30,0.542595903874372,0.338143730671411,1.1666171274916,-0.0349285648323677,-0.448078548140612,-0.401041667896403,0.337749423830938,-0.524564672962467,0.723461648463202,0.996796988587903,-2.41202902900961
2025-08-31,0.639993976858577,1.20965149021948,1.49036467013593,0.361971375563479,-0.543618627821063,-0.397452807327711,0.668049656505898,0.523990586326845,1.09716399916966,-0.582843921617668,-0.82124663623141
2025-09-01,0.623474353020507,0.180909867131349,1.13608056878505,0.766395950700232,-2.13081528438556,-0.611120371913457,-0.207584748427089,-0.468821291689432,0.156621339613648,-0.36777799601861,-0.803638329583919
2025-09-02,0.581752105177687,0.420402012056116,0.656934495547841,0.871112169873263,-0.767420600551652,-0.42247676901004,0.369717059086407,-0.639194380628857,0.140192075434786,-1.26272968308105,-1.27578721104694
2025-09-03,0.490404852024409,-1.19615948637403,0.418515297187722,-0.566841585780797,-0.65573259532794,-0.236464460711868,2.27231757538745,-0.458096005893862,0.089914642033921,-0.774692716494561,-1.62012853920934
2025-09-04,0.528204124131673,-0.530533927098102,1.4515643309035,-1.28223509924494,-0.675798272194563,0.369828578005333,1.33425109086088,-0.511801463786817,0.150843498242794,0.0723190386288103,-1.01456000571309
2025-09-05,0.308821672841515,-1.3957026857275,1.87101390389566,-0.347394680705565,-0.623774776065802,0.935504304304561,0.41887779140135,0.796580842670479,0.127481058697624,0.00716566152450589,1.07119058810017
2025-09-06,0.308243051347703,-1.430595498679,1.3348994158639,-1.42951174082482,-0.763314479324173,1.26521658921903,-0.307043195349723,-1.43304425443303,0.597047505284547,-1.72011419336681,1.14403516417524
2025-09-07,0.354772927588673,-1.31531837046957,1.99690656874864,-0.426883428427268,0.456561290926362,0.845404569719143,0.0232570373252373,-1.53519219723077,0.41465205856739,1.17546451239986,-0.0602576968244504
2025-09-08,0.598566963742342,-0.575320764207291,2.15085939950627,0.160667578698524,-0.81539943445457,0.870782708326582,-0.207584748427089,-0.468821291689432,0.156621339613648,0.527265927175838,-0.104869516139446
2025-09-09,0.647989714462153,-1.09205925062116,0.431428088720904,-0.340344574130152,0.547995249379335,0.847725871195708,-1.8238387193858,-0.639194380628857,0.696289872858396,-1.26272968308105,0.121750415842008
2025-09-10,0.59319700846454,-1.19615948637403,0.418515297187722,-0.86970577178165,-0.65573259532794,0.398636859391006,-0.652423462575484,-0.458096005893862,1.20211023688114,-1.66973663968901,0.47617790112408
2025-09-11,0.602715514384714,-0.530533927098102,0.662291907009224,-0.979370913244086,-0.675798272194563,-0.476973182131832,2.06543635035161,-0.511801463786817,-0.405254299180816,-0.822724884565638,-0.315791192268615
2025-09-12,0.565018730095832,-0.639472054388861,-0.0457905541333051,-0.0445304947047108,-0.623774776065802,-0.334698335901187,0.41887779140135,-0.354122359416581,-1.54081233357321,-1.78292218486439,-0.326347038788776
2025-09-13,0.302316466429125,0.838096395336921,0.207367381729219,0.084809189179447,-0.763314479324173,0.206714389047576,-0.307043195349723,-1.43304425443303,-2.1834414818335,0.0699736530220846,0.445266350730768
2025-09-14,0.448065881233407,0.953373523546347,-0.258157499520725,0.17884494357444,-0.858854559004625,0.210303249616269,0.0232570373252373,-1.53519219723077,0.970749855991,0.280420589205409,0.638511116620022
2025-09-15,0.745564149802434,0.937140498469989,-0.66797068583044,-0.14219660730233,-0.81539943445457,0.235681388223708,-0.207584748427089,-1.61952449377649,0.156621339613648,-0.36777799601861,0.593899297305027
2025-09-16,0.644484787541325,1.17663264339476,0.769687698961309,-0.0374803881292984,-0.767420600551652,0.636025431161416,-0.361468200404327,-0.639194380628857,2.92068106255284,-1.26272968308105,1.51928804273095
2025-09-17,0.323688945781599,0.316301776303251,-0.14525071987962,-0.566841585780797,-0.65573259532794,0.822037739459588,1.54113231589672,0.692607196193199,0.646012439457531,-0.774692716494561,-0.921359725764865
2025-09-18,0.205594083474136,-1.28676455843674,1.00055151724963,-0.373642541242378,0.639617577736423,0.793229458073916,0.603065831370145,0.638901738300243,0.706941295666404,-0.822724884565638,0.382977621175857
2025-09-19,0.258933872838947,0.116758576949779,0.2924690561071,-1.86171561070983,-0.623774776065802,0.72380386427027,0.41887779140135,-0.354122359416581,-0.428616738725986,-1.78292218486439,0.372421774655697
2025-09-20,0.580208022443659,-1.430595498679,0.0946141783157506,-0.823783368823115,-0.763314479324173,0.84181570915045,1.15532732363175,0.868362149741095,0.0409497078609366,1.86006149941098,-0.952271276158178
2025-09-21,0.492206149926811,-1.31531837046957,0.305608517546617,-0.124019242426414,3.08739299078833,0.845404569719143,0.0232570373252373,-0.384488995143714,-0.69754353627983,1.17546451239986,-0.759026510268923
2025-09-22,0.617993349326274,-1.33155139554593,0.572314551717713,0.766395950700232,0.500016415476416,0.659082268292291,0.523600511063646,-0.468821291689432,-0.399476457809962,-0.36777799601861,0.593899297305027
2025-09-23,0.519839808114519,-1.09205925062116,0.318674885307435,1.77970472787583,-2.08283645048264,1.05942631123,-0.361468200404327,-0.639194380628857,0.140192075434786,0.527358163307843,0.82051922928648
2025-09-24,0.790920806526554,-0.439928855035389,-0.483510330120025,1.25034353022433,-1.97114844525893,0.398636859391006,0.078761796915251,-1.60879920798092,1.75820803430475,-0.774692716494561,1.17494671456855
2025-09-25,0.534154086999175,0.981927335579179,-0.916252940779334,1.44354257476275,0.639617577736423,1.64003121821108,1.33425109086088,0.638901738300243,0.706941295666404,0.967362961823258,-1.01456000571309
2025-09-26,0.191120737344459,0.116758576949779,-0.271296960960242,-0.0445304947047108,0.691641073865184,1.14720474433885,0.41887779140135,-0.354122359416581,0.683578856121234,0.902209584718954,0.372421774655697
2025-09-27,0.356360668073006,-0.67436486734036,-0.130892228511186,0.084809189179447,0.552101370606814,0.84181570915045,-1.03822845484046,0.868362149741095,-0.515148089562674,1.86006149941098,-0.253502462713705
2025-09-28,0.655141532864489,-0.559087739130934,-0.483663906347662,-0.124019242426414,-0.858854559004625,1.26880544978773,0.0232570373252373,0.766214206943347,-0.14144573885622,-0.614623333989039,-0.0602576968244504
2025-09-29,1.26217303982071,-1.33155139554593,-0.104204668763098,-0.14219660730233,-2.13081528438556,1.29418358839516,-0.207584748427089,-0.468821291689432,-0.399476457809962,0.527265927175838,1.2926681107495
2025-09-30,0.602452885439525,-0.713943934951844,-0.301467733466641,-0.643208760131006,-0.767420600551652,2.01207829138431,-1.45824608964043,-0.063842779585327,-0.69395462070063,0.0798362017106189,0.121750415842008
2025-10-01,1.0476747211698,-0.353131922526959,-1.05714858448887,-0.335263791459747,0.905145741119567,1.05737579236842,-1.25454884023793,0.704806922413739,-0.521062361731153,0.19882310519547,-1.14811519617824
2025-10-02,0.752500871039409,0.312493636748969,-0.136852754186557,0.160799439079525,-0.430335785678043,1.02856751098275,0.732125713198436,0.651101464520784,0.0959642919013301,-0.744252986070054,0.156222150762483
2025-10-03,0.61371069495309,0.203555509458209,-0.619428808502149,-0.115816886384515,0.937103560381705,0.112340157041939,2.74149345170184,-1.4926258352831,0.07260185235616,-0.809406363174359,-0.55310250920215
2025-10-04,0.712399973814493,-1.34379856617057,-0.704530482880031,0.316386983500496,-0.517851992807653,0.653752881990702,0.553201945969303,-1.42084452821249,1.6543638937903,-0.74659837167678,-0.48025793312708
2025-10-05,0.889759765444752,-1.22852143796114,-0.155276533408759,-0.195305634106219,0.702023777442882,1.50414350269656,-0.578868340337206,-1.52299247101023,-0.752422742621294,-0.536151435493456,0.411755646206648
2025-10-06,1.43894498155524,-1.2447544630375,-0.452336516305005,-0.213482998982134,-0.56993694793805,1.529521641304,0.652660392891937,0.694081636618169,0.657839930695794,-0.289306097523026,0.367143826891652
2025-10-07,1.10305417747159,-1.00526231811273,-0.254963369061409,1.40555415019517,-0.521958114035132,0.87136348407025,-0.963593578066771,0.523708547678744,1.75360626136415,-1.18425778458547,-0.105005054571367
2025-10-08,0.574217117723742,-1.1093625538656,-0.267876160594591,0.876192952543668,-0.41027010881142,1.480776672437,0.207821678743542,-0.445896279673321,0.591133233116067,-0.696220817998978,0.249422430710706
2025-10-09,0.599839038907062,-0.443736994589671,-0.362359161013494,-0.142064746921329,-0.430335785678043,1.45196839105133,0.732125713198436,-0.499601737566276,-1.01623130294589,0.150790937124393,0.156222150762483
2025-10-10,0.74775016055972,-1.30890575321907,0.16984361539213,-0.721545258386223,-1.69372813948027,0.959141917179104,-0.914432845751828,0.80878056889102,1.74089524462699,1.87572540640898,0.145666304242322
2025-10-11,0.626971247734249,-0.58756793483193,0.423001551254654,-0.289341388501212,-0.517851992807653,0.230352001922119,-0.177983313521432,0.880561875961635,-0.0139294984805274,1.04348947471212,-1.17902674657155
2025-10-12,0.472511160536568,-1.22852143796114,0.182983076831647,-0.498169820107073,-0.613392072488105,0.233940862490812,0.883502178644263,1.92911713525095,0.359772852225926,1.25393641089544,0.411755646206648
2025-10-13,0.68272099599775,-1.2447544630375,-0.339583312891537,-0.516347184982988,-0.56993694793805,0.259319001098251,-0.0785248665987979,-0.456621565468891,-0.454355664151426,-0.289306097523026,1.06591264033612
2025-10-14,0.781543642211112,-0.249031686774094,-1.04423579295569,1.40555415019517,-0.521958114035132,0.659663044035959,-0.963593578066771,-0.626994654408317,1.19750846394054,-1.18425778458547,-0.80377386801584
2025-10-15,0.655644889201114,0.403098708811681,-1.28265499131581,-0.335263791459747,-0.41027010881142,0.63397491229984,-1.25454884023793,-0.445896279673321,2.2594266253869,-0.696220817998978,-0.449346382733767
2025-10-16,0.588607042457841,-0.443736994589671,-0.813371974667367,-1.05065730492389,-0.430335785678043,0.605166630914167,0.732125713198436,-1.65030493965334,-0.46013350552228,2.83592270670774,0.156222150762483
2025-10-17,1.28238687389274,0.203555509458209,-0.506675605088681,-0.721545258386223,0.937103560381705,0.32404059707623,-0.914432845751828,0.80878056889102,0.07260185235616,-0.809406363174359,-1.25187132264662
2025-10-18,0.644641544932687,-0.58756793483193,0.423001551254654,0.0135227974996423,0.797563857123333,0.653752881990702,-0.177983313521432,2.0312650780487,-0.0139294984805274,-1.64164229487123,0.218510880317393
2025-10-19,0.821646282371736,-0.472290806622504,-0.155276533408759,-0.498169820107073,0.702023777442882,0.445641302525103,-0.578868340337206,1.92911713525095,-0.196324945197684,-0.536151435493456,-1.68455079412677
2025-10-20,1.06956239343153,1.02393743097842,-0.452336516305005,-0.213482998982134,-0.56993694793805,0.259319001098251,-0.0785248665987979,1.84478483870523,0.657839930695794,-0.289306097523026,-0.331624986552821
2025-10-21,1.49429521002559,0.507198944564546,-0.480469775888346,-1.01735933781166,-0.521958114035132,0.87136348407025,1.22996220040543,0.523708547678744,-1.0268827257539,3.29096183138677,-0.80377386801584
2025-10-22,0.990587640004457,1.91555997148896,-0.0423697537676539,1.17905713854452,-0.41027010881142,1.26907623240271,-0.523363580747192,-0.445896279673321,1.14723103053968,0.19882310519547,0.249422430710706
2025-10-23,0.581282121177833,-0.443736994589671,-0.362359161013494,-0.142064746921329,-0.430335785678043,2.51047059122279,2.92568149167064,-0.499601737566276,0.0959642919013301,0.150790937124393,-0.54254666268199
2025-10-24,0.802310445049521,0.959786140796849,0.395350022219066,-0.115816886384515,0.937103560381705,2.22934455738485,-0.914432845751828,-0.341922633196041,0.07260185235616,-0.809406363174359,-1.25187132264662
2025-10-25,0.868202125245076,-0.58756793483193,0.761261161495059,0.316386983500496,-1.83326784273864,1.92395552219645,-1.6403538325029,0.880561875961635,-2.23832068817497,-0.74659837167678,1.61604850720634
2025-10-26,0.862244708692868,-0.472290806622504,0.521242687072052,0.107558551894635,0.702023777442882,1.92754438276514,-0.578868340337206,0.778413933163887,-0.196324945197684,0.358892487700992,-0.985781980682298
2025-10-27,1.21416290907099,0.267706799639779,0.449689111002742,0.0893811870187196,0.745478901992936,1.95292252137258,0.652660392891937,-0.456621565468891,0.101742133272184,-0.289306097523026,1.06591264033612
2025-10-28,1.28061505540497,0.507198944564546,-0.254963369061409,-0.714495151810811,-1.83737396396612,1.29476436413883,-0.963593578066771,-0.626994654408317,-1.0268827257539,-0.289213861391022,-1.50254268146031
2025-10-29,1.39441254580337,1.15932934015032,-0.380629364008059,0.876192952543668,-0.41027010881142,1.26907623240271,-1.25454884023793,-0.445896279673321,-2.18935575400198,1.09386702838992,-1.14811519617824
2025-10-30,1.19321489680427,1.06872426808761,-0.362359161013494,-0.747793118923036,-0.430335785678043,0.816867070948459,0.732125713198436,-0.499601737566276,1.20815988674855,-0.744252986070054,-1.24131547612646
2025-10-31,0.799080391945611,0.203555509458209,0.395350022219066,0.792775671618046,-1.69372813948027,-0.0993602829923524,3.47267871119258,-0.341922633196041,2.85309083947421,1.87572540640898,0.844435117686795
2025-11-01,0.709691621395236,0.0878265730810144,-0.481613310267571,2.50019317264302,0.789890119509559,0.0564647223692773,1.82091117960155,0.283011103775069,0.0768415388870958,-0.686100323958593,-0.0671071442682746
2025-11-02,0.967436670462737,1.71556496396772,0.405900249444106,0.474179625032032,0.694350039829107,-0.151646857096321,-0.77352962568643,-0.96984004110974,-0.105553907830061,-0.475653387775269,0.824906435065452
2025-11-03,1.08876597177535,0.943101307552723,0.559853080201733,-0.149726111845591,0.737805164379161,-0.126268718488882,1.18918436703345,0.0965308644316026,-0.363584626783803,-0.22880804980484,0.780294615750457
2025-11-04,1.03137675277806,-0.32986781019979,0.193460210377987,-0.953602450675122,0.78578399828208,0.697476204517409,-0.42706960392526,-1.22454542659488,1.28827950130816,2.45641595591051,1.00691454773191
2025-11-05,0.768355089196299,0.322262585385985,0.631560232498679,0.0313572816776494,-0.417943846425194,0.460087632746998,0.0131603933943183,1.25795935231423,-0.43029132436353,0.259321152913656,0.662573219569511
2025-11-06,0.638542232170941,0.231657513323273,-0.252195191814503,-0.38117204578564,-1.7534253732228,0.431279351361326,-0.193720831641523,-1.09715250975284,0.186735329268953,0.21128898484258,0.569372939621288
2025-11-07,0.608616450415053,-0.633511245306127,-0.171005229062753,1.15939674475544,-1.70140187709404,-0.696648442613777,1.81564690686189,0.211229796704453,0.163372889723783,-1.64395223865062,1.2575859065456
2025-11-08,0.453012916660016,-1.42463468959627,-0.819872920507977,0.683008056637893,-1.84094158035241,0.0564647223692773,-1.83501511785212,0.283011103775069,-0.479256258536514,0.208943599235855,-0.765875957712747
2025-11-09,0.306309069284345,-1.30935756138684,-0.947138191517515,-0.43441293297053,-1.93648166003287,0.0600535829379698,-0.0423443661956955,0.180863160977321,-0.661651705253671,-0.475653387775269,-1.27140000526797
2025-11-10,0.652520032841009,-1.3255905864632,-0.567678953932951,-0.149726111845591,-1.89302653548281,0.0854317215454093,-0.273186151948022,0.0965308644316026,-0.363584626783803,1.56127979658406,0.0815258023059843
2025-11-11,0.670079013144277,-1.08609844153843,-0.257552603275886,0.863582665330002,-1.84504770157989,0.9091766445517,-0.42706960392526,-1.22454542659488,-0.936111688386275,0.666328109521613,-0.390623079157035
2025-11-12,0.853258891118797,-1.1901986772913,0.180547418844806,-0.877235276324912,0.897472003505792,1.51858983291845,0.744345652885053,-1.04344705185989,0.12580647306008,0.259321152913656,0.662573219569511
2025-11-13,1.05781901216886,-1.28080374935401,0.424324028666308,0.830284698217776,-0.438009523291818,2.12488287163566,1.99983494683068,-2.2478557118399,-0.925460265578267,0.21128898484258,-0.129395873823185
2025-11-14,0.963463667151889,-0.633511245306127,0.505513991418057,0.553668372753735,0.92942982276793,1.84375683779772,0.353276387880417,-0.939473405382607,1.275568484571,1.04117953093272,1.2575859065456
2025-11-15,0.40220801046902,0.0878265730810144,0.758671927280581,0.683008056637893,0.789890119509559,1.9617686826779,-0.372644598870656,-2.01839530039905,-1.03535405596012,0.208943599235855,2.02919929606514
2025-11-16,0.45878668926139,0.959334332629081,0.0676406392037006,0.171315439031178,0.694350039829107,1.7536571032123,-0.0423443661956955,-0.96984004110974,-0.105553907830061,1.31443445861363,-0.572631191823493
2025-11-17,0.68262471360032,0.186870676214083,-0.68043215734642,-0.149726111845591,0.737805164379161,1.77903524181974,-0.273186151948022,-1.05417233765546,-0.363584626783803,1.56127979658406,3.57536986952835
2025-11-18,0.566168291023244,-1.08609844153843,-0.821318620343228,-0.650738264674268,-1.84504770157989,0.697476204517409,-1.88944012290673,-0.0738422245078229,-0.936111688386275,0.666328109521613,2.40445217462086
2025-11-19,0.658446423209274,-0.433968045952655,-1.05973781870335,0.0313572816776494,0.897472003505792,1.09518895284987,0.0131603933943183,0.107256150227173,0.12580647306008,-1.53076669347524,1.36134203301398
2025-11-20,0.454523207793089,0.231657513323273,-0.703208005468376,-0.684036231786494,-0.438009523291818,0.854680231429908,-0.193720831641523,0.0535506923342174,1.29893092411617,-1.57879886154632,-0.129395873823185
2025-11-21,0.268541575067708,-1.38974187664477,-0.734771246130095,1.76512511675715,-0.385986027163056,0.996955077660554,-0.377908871610317,-0.939473405382607,-0.392724907699827,-0.748908315456172,1.95635471999007
2025-11-22,0.275035338329729,-1.42463468959627,-0.932626123921445,1.2887364286396,0.789890119509559,0.903266482506442,1.82091117960155,0.283011103775069,0.632939336310706,-1.58114424715304,-0.0671071442682746
2025-11-23,0.551764743675596,-1.30935756138684,-0.721631784690578,-0.131548746969676,2.00976588976009,0.906855343075135,-0.77352962568643,0.180863160977321,-0.105553907830061,0.419390535419179,0.12613762162098
2025-11-24,1.00922525304513,-0.569359955124557,-0.793185360759888,-0.452590297846445,0.737805164379161,0.932233481682575,-0.273186151948022,0.0965308644316026,0.192513170639807,0.666235873389608,-0.617243011138488
2025-11-25,1.06742007753012,-0.32986781019979,-0.70856541692976,-0.953602450675122,-0.529631851648906,0.485775764483117,1.03530091505621,1.07686097757924,0.732181703884555,-0.228715813672835,-0.390623079157035
2025-11-26,0.915253450077711,-0.433968045952655,-0.721478208462942,-1.18009946232577,0.897472003505792,0.0366867526784155,0.0131603933943183,0.107256150227173,0.68190427048369,-0.635722770280791,-0.0361955938749619
2025-11-27,0.916540041694941,0.231657513323273,-0.815961208881845,0.224556326216068,0.877406326639169,-0.627222848810131,1.26864968733995,1.20425389442128,0.186735329268953,-0.683754938351868,-0.129395873823185
2025-11-28,1.05288963088908,-1.38974187664477,-0.960277652957032,0.250804186752881,-1.70140187709404,-0.908348882648068,-1.84027939059179,0.211229796704453,-0.948822705123437,-1.64395223865062,-1.53748934723229
2025-11-29,0.670298674047353,-0.668404058257626,-0.481613310267571,0.683008056637893,-0.525525730421427,-1.00203747780218,0.358540660620079,0.283011103775069,-0.479256258536514,1.1039875224303,-0.0671071442682746
2025-11-30,1.17077683041327,0.20310370129044,-0.60887858127711,-0.737277118971384,-0.621065810101879,-0.786748177199195,0.688840893295039,1.33156636306438,0.450543889593549,0.419390535419179,0.12613762162098
2025-12-01,1.14190985321147,-0.753554306674433,-0.330085301418002,0.500559941560598,-0.805763078215044,-0.320481193528623,-0.397500154684757,0.139755399121796,0.810935858281722,-0.28626982829992,0.98609294403909
2025-12-02,1.51566660494456,-1.27029279308831,-0.0199589507609366,1.21100453273534,0.557631605618861,-0.131837590625206,-1.28256886615273,-0.0306176898176297,-0.873786798167971,-1.18122151536236,-0.184824750868402
2025-12-03,0.973846768044603,-1.37439302884117,-0.483884555947992,-0.529813408919578,0.669319610842573,-0.157525722361325,-0.111153609342417,0.150480684917366,-0.367966434145226,-0.693184548775872,0.868371547858143
2025-12-04,0.770572409545798,0.0474631617733969,-0.014601539299553,-2.15379948038628,1.96466978390694,0.0253664362872936,0.413150425112476,-1.05392797506265,-1.41923317278357,2.83895897593084,0.77517126790992
2025-12-05,1.10811103478837,-0.0614749655173629,0.292094830279133,-0.00750231784349169,0.701277430104711,-0.255759597550644,-0.502222874347053,-0.896248870692414,0.225697779942087,0.0886738292431951,0.76461542138976
2025-12-06,0.66263028161423,-0.852598409807502,0.545252766141657,1.93902248204579,0.56173772684634,-0.561148632739046,-1.95932912058886,-0.824467563621798,-1.52912696316543,-0.743562102453674,0.837459997464831
2025-12-07,1.14330190930574,0.0189093497405644,0.417987495132119,-0.995583623567756,-0.849218202765098,-0.557559772170354,-0.166658368932431,0.224087695667514,-0.599326815035366,-0.53311516627035,-0.36683286353486
2025-12-08,1.32821326721801,-0.753554306674433,0.459187122476277,-0.710896802442818,1.82506862164693,-0.532181633562914,0.333685104805977,0.139755399121796,-0.301259736565498,0.608774094894527,-0.411444682849855
2025-12-09,1.54466011201251,-1.27029279308831,-0.358218561001342,-0.00045221126807846,0.557631605618861,-0.343538030659497,-2.01375412564347,-0.0306176898176297,1.35060439152647,-0.286177592167916,-0.883593564312875
2025-12-10,1.21132767517018,-1.37439302884117,-0.371131352534524,0.681643335083838,-0.646096239088413,-0.369226162395617,-0.111153609342417,1.30118388700443,1.85642475554921,-0.693184548775872,-1.92670370591975
2025-12-11,0.859918092433246,-1.46499810090388,-0.465614352953427,-0.0337501783803054,-0.666161915955037,-0.60973488381558,2.60670620358468,-1.05392797506265,-0.863135375359963,0.1538272063475,-0.622366358979025
2025-12-12,0.890903918167454,-1.57393622819464,-0.948190407269019,-1.82468743384861,-0.614138419826275,-0.255759597550644,2.42251816361589,-0.896248870692414,-1.44259561232874,-0.806370093951253,-0.632922205499185
2025-12-13,0.823383631995939,-1.60882904114614,-0.244019657752622,-0.181026819960188,-0.753678123084647,-0.349448192704755,0.234226657883343,-0.824467563621798,0.1391664291054,-0.743562102453674,-0.560077629424114
2025-12-14,0.813927085466983,-1.49355191293672,-0.145778521935223,-0.389855251566048,1.78161349709687,-0.769260212204645,-0.166658368932431,-2.07731870850661,-0.043229017611756,0.361928756924098,-0.36683286353486
2025-12-15,0.980800032252842,-1.50978493801307,0.233680715649341,0.197695755559744,0.509652771715942,-0.743882073597205,-0.397500154684757,-1.01094780296526,-0.301259736565498,-0.28626982829992,-0.411444682849855
2025-12-16,1.71337707768885,-0.514062161749666,-0.245465357587873,1.21100453273534,0.557631605618861,-0.555238470693789,0.179801652828739,-0.0306176898176297,0.238408796679249,1.50391025422098,-0.184824750868402
2025-12-17,0.864785122800194,-1.37439302884117,-0.709390962774929,2.80169263708982,-1.9615120890194,-1.42772836256707,-0.111153609342417,0.150480684917366,1.85642475554921,0.201859374418576,-0.529166079030802
2025-12-18,0.609324909422913,-1.46499810090388,0.210904867527384,1.17770656562311,-0.666161915955037,-0.398034443781289,-1.04922009386899,-1.05392797506265,0.805158016910868,-0.741216716846948,0.77517126790992
2025-12-19,0.676108925416283,-0.817705596856003,-0.0461647799612719,0.90109024015907,-1.92955426975726,0.591042162586522,-0.502222874347053,-0.896248870692414,0.781795577365697,-1.7014140171457,0.76461542138976
2025-12-20,0.620983394569996,1.41609348420842,0.545252766141657,2.5447508540475,-0.753678123084647,1.34415532756958,1.69659717686481,0.326235638465262,-0.41693136831821,-1.63860602564812,1.5362288109093
2025-12-21,0.458777138868082,0.0189093497405644,0.643493901959056,-0.389855251566048,-0.849218202765098,1.34774418813827,1.29571215004904,0.224087695667514,-0.599326815035366,0.361928756924098,-0.36683286353486
2025-12-22,0.684900724698519,0.758906956002848,1.8122255634379,0.197695755559744,-2.12117892814603,1.37312232674571,1.06487036429671,0.139755399121796,0.810935858281722,-0.28626982829992,-0.411444682849855
2025-12-23,0.536290795950779,-1.27029279308831,1.22032628678722,2.72532546273961,0.557631605618861,0.92666460954625,-2.01375412564347,-1.18132089190469,-0.317689000744361,-0.286177592167916,0.513944062576071
2025-12-24,0.391802208200361,-0.618162397502531,1.3201666986675,0.984507521084692,-0.646096239088413,0.900976477810131,-0.111153609342417,-1.00022251716969,1.3003269581256,-0.286177592167916,-0.529166079030802
2025-12-25,0.307415691811039,0.803693793112037,0.210904867527384,-0.336614364381159,1.96466978390694,1.29556907649304,0.413150425112476,-2.20463117714971,1.36125581433448,1.04887112954195,0.0764024544654478
2025-12-26,0.235939581504349,2.20721692849856,2.2088992883081,-3.03614417785203,0.701277430104711,1.2261434826894,0.228962385143681,-2.04695207277947,-1.99869340975235,-1.7014140171457,0.76461542138976
2025-12-27,0.523745354245687,-0.0963677784688617,3.36408285147837,-1.08961937796275,0.56173772684634,1.13245488753528,-0.496958601607391,-1.39981916466533,-1.52912696316543,-1.63860602564812,-1.25884644286859
2025-12-28,0.793119641007466,1.53137061241784,4.13884320777658,-0.692719437566902,0.466197647165889,1.34774418813827,-0.166658368932431,-0.926615506419547,0.512868779811854,2.15201660331299,-0.36683286353486
2025-12-29,1.19868209800091,1.51513758734149,4.18004283512074,-0.710896802442818,0.509652771715942,1.37312232674571,-0.397500154684757,-1.01094780296526,0.810935858281722,-0.28626982829992,-0.411444682849855
2025-12-30,1.18699065118,0.998399100927614,3.70089676188352,-0.00045221126807846,0.557631605618861,1.35006548961483,-1.28256886615273,1.12008551226943,1.90670218895008,-0.286177592167916,-0.883593564312875
2025-12-31,1.23053962498643,0.138068233836109,2.22219232597525,-1.13554178092129,0.669319610842573,1.32437735787871,-2.30470938781462,0.150480684917366,1.3003269581256,-0.693184548775872,0.169602734413671
2026-01-01,0.769159007704599,-1.37029061528815,0.916242417062928,2.08328283264377,1.023950737319,1.01400415385645,-0.797981664224501,-0.0645184718664836,-1.77147868902497,-0.567974404415543,-1.3471239705474
2026-01-02,0.978223440684927,-0.722998111240269,1.56119839688202,-1.22197535282881,-1.55485746641421,0.944578560052803,-0.982169704193296,-1.05754256958331,-1.23874333114653,-0.633127781519847,-0.658911003623085
2026-01-03,1.12428164790194,-0.00166029285312766,2.82913516346576,-0.789771482943801,-0.378981319741596,1.06259040493298,-1.70809069094437,1.31564514166143,0.34301871028761,0.324724133172179,-0.586066427548014
2026-01-04,1.42948238448861,-0.642613795982342,3.8294019265909,0.212856829453754,0.840894450508939,1.06617926550168,0.084580060712061,-1.08790920531044,-0.951572331276767,0.535171069355503,-0.39282166165876
2026-01-05,2.64155036564322,0.0973838102799411,3.7578483505216,-0.713913093424723,0.884349575058993,1.09155740410912,-0.146261725040265,-0.0215382997690985,0.458690342040321,-0.113027515868515,-0.437433480973755
2026-01-06,2.09322011363681,0.336875955204708,2.03841703973623,1.51085242775429,-0.383087440969075,0.221698806841076,-0.300145177017503,-0.191911388708524,1.55445667270868,-0.11293527973651,-0.210813548992302
2026-01-07,1.48439144275744,3.2576982448064,2.36376385844345,-0.532829699901482,-1.58681528567635,0.83111199520783,-2.05347095817013,-0.0108130139735283,0.948081441884204,-0.519942236344467,-0.555154877154701
2026-01-08,1.10181803289754,0.142170647389131,1.3672552307168,1.17469027464121,-0.291465112611986,1.22570459389074,0.664388854756968,-0.0645184718664836,1.56510809551669,-0.567974404415543,0.749182469786021
2026-01-09,1.74260463742376,0.411347835767691,1.05380898152141,0.292345577175457,0.418266308482268,1.57967988015568,0.480200814788174,-1.05754256958331,-1.23874333114653,0.2619161416746,0.0398578098213878
2026-01-10,0.925813452359642,0.754570338485512,0.912330705436796,1.93600619106388,0.936434530189391,1.69769172503586,-1.70809069094437,-0.985761262512693,-1.88137247940683,1.21976805636663,-0.586066427548014
2026-01-11,1.20851847775346,0.869847466694939,0.672312231013789,-0.0900073565471,-0.474521399422047,1.70128058560455,0.815765320202796,0.0627939967766196,-0.951572331276767,0.535171069355503,1.00471596523019
2026-01-12,0.916683596366092,0.853614441618581,0.488005451531011,-1.01677727942558,-0.431066274871993,1.72665872421199,-0.146261725040265,-1.17224150185616,-0.0974074553832892,-0.113027515868515,0.261335332470718
2026-01-13,1.12535153394438,-0.419354676133932,-0.329400231946609,-0.306332688250838,-0.383087440969075,1.49190144704682,1.16222534196397,-0.191911388708524,0.442261077861459,0.782108643457937,0.487955264452171
2026-01-14,1.27935217773576,0.989006350790483,-0.229559820066322,0.981491230102787,-0.271399435745363,1.4662133153107,0.140084820302075,1.13989018811353,1.50417923930781,-0.519942236344467,-0.555154877154701
2026-01-15,1.04210599691736,0.142170647389131,-0.324042820485225,0.871826088640352,-0.291465112611986,1.22570459389074,-0.0667964047337662,-0.0645184718664836,-0.103185296754143,-1.46301832760999,-0.648355157102924
2026-01-16,1.04462093446999,-1.47922874257891,-0.242852857733475,-1.52483953882967,-0.239441616483225,1.36797944012139,1.21138607427891,1.24386383459081,-0.126547736299313,0.2619161416746,0.73862662326586
2026-01-17,0.925377525860394,-1.51412155553041,-1.00447375259217,1.02741363306132,-0.378981319741596,1.27429084496727,-0.245720171962899,0.164941939574368,-2.43747027683044,1.21976805636663,2.20900882622988
2026-01-18,1.08439197382788,-0.642613795982342,-0.906232616774769,-0.392871542547954,-0.474521399422047,1.70128058560455,-0.646605198778674,0.0627939967766196,-0.951572331276767,0.535171069355503,-1.09159047510323
2026-01-19,1.59986101211604,-1.41507745239734,-0.977786192844079,-0.713913093424723,-0.431066274871993,1.72665872421199,-0.146261725040265,-1.17224150185616,-0.653505252806899,-0.113027515868515,-0.437433480973755
2026-01-20,1.9517063817096,-1.17558530747257,-0.780413045600482,-0.609196874251692,-0.383087440969075,0.85680012694395,1.16222534196397,-1.34261459079558,0.998358875285069,1.67715256665238,-0.210813548992302
2026-01-21,1.29197868168802,-1.27968554322544,-1.0188322439606,0.0728986721002254,-1.58681528567635,0.83111199520783,2.33364059877428,-2.31221941814765,1.50417923930781,-1.41498615953891,0.143613936289771
2026-01-22,0.855449725732147,-0.61405998394951,-0.549549227312162,0.266097716638644,-0.291465112611986,-0.0444980463150074,0.664388854756968,-1.21522167395354,-0.659283094177753,-0.567974404415543,-0.648355157102924
2026-01-23,0.91512526256487,0.0332325200983709,0.0954067525069298,-0.313382794826251,-0.239441616483225,-0.325624080152945,0.480200814788174,-1.05754256958331,0.429550061124297,-0.633127781519847,-0.658911003623085
2026-01-24,0.785725121087783,-0.757890924191768,0.235811484955985,-0.486907296942947,-0.378981319741596,0.639189524864401,-0.245720171962899,-0.985761262512693,0.34301871028761,-1.46536371321672,0.811471199340931
2026-01-25,1.0025727280518,-1.39884442732098,0.108546213946447,-0.392871542547954,-0.474521399422047,0.00767706533021934,-0.646605198778674,-1.08790920531044,-0.395474533853157,0.535171069355503,0.305947151785713
2026-01-26,1.52823161566654,-0.658846821058699,0.375252248117542,-0.713913093424723,0.884349575058993,0.0330552039376589,0.584923534450469,-1.17224150185616,-0.653505252806899,0.782016407325933,-0.437433480973755
2026-01-27,1.00748834466647,0.336875955204708,-0.21664702853314,-0.003468502249984,0.932328408961912,-0.413402513261798,-0.300145177017503,-1.34261459079558,-0.669934516985762,0.782108643457937,0.487955264452171
2026-01-28,1.20679221861531,-0.523454911886797,-0.455066226893259,-0.532829699901482,-0.271399435745363,-0.439090644997918,0.140084820302075,-0.0108130139735283,1.50417923930781,0.375101686849981,-0.555154877154701
2026-01-29,0.884603269604264,-0.61405998394951,-0.887808837552567,-0.642494841363918,-0.291465112611986,-0.679599366417881,-0.797981664224501,-1.21522167395354,2.1212058929403,-0.567974404415543,-0.648355157102924
2026-01-30,1.2534607704729,-0.722998111240269,-1.25763168845469,-1.82770372483052,-0.239441616483225,-0.960725400255819,1.21138607427891,-1.05754256958331,0.985647858547907,0.2619161416746,-0.658911003623085
2026-01-31,1.1574269213114,-0.757890924191768,-0.215201328697888,0.421685261059615,-0.378981319741596,-0.842713555375638,-0.245720171962899,-2.13646446459975,3.67960549482927,0.324724133172179,-1.98360405443696
2026-02-01,0.948740633118464,-1.39957533117866,0.000948602941261538,-0.553218934973412,0.408192904165567,0.556144420481996,0.0754011785730482,-0.973141210609912,-0.672060801772498,-0.546310157800839,1.66138933716195
2026-02-02,1.09359785995413,-1.41580835625502,-0.408864583368453,-0.268532113848473,0.451648028715621,-1.74718228128777,-0.155440607179278,-2.20817670924269,0.18210407412098,0.595579103364038,-1.17829773593094
2026-02-03,1.34503655841962,-1.17631621133025,-0.888010656605668,-0.163815894675442,-0.815788987312446,-0.288336038178604,0.421861200334218,-2.37854979818212,1.27787040478934,0.595671339496043,0.445859822939462
2026-02-04,1.33788749069437,-1.28041644708312,-0.675417041311913,-0.69317709232694,0.611314867842252,0.532777590222442,1.59327645714453,-1.04674822136006,2.33978856623569,-0.706379540306361,-1.29601913211188
2026-02-05,1.08566305348051,-1.37102151914583,-0.544393634903879,-0.197113861787668,-0.724166658955358,0.715669748871061,-0.0759752868727791,0.0502495228340453,1.84461962502096,1.03567613801146,-0.690450598615633
2026-02-06,0.632473002189591,0.0325016162406925,-0.463203672152129,0.131998184749999,-0.672143162826597,0.646244155067415,-0.991348586332308,0.207928627204281,-0.403134004218654,0.0754788377127057,-0.00223763169132086
2026-02-07,0.870900326600768,-0.758621828049446,-0.435552143116542,-0.950118875369259,-0.811682866084968,0.552555559913304,0.476286205388823,0.279709934274897,0.622530239791879,1.03333075240473,-0.628161869060723
2026-02-08,0.824537683425845,-0.64334469984002,1.35398704390288,-0.250354748972558,-0.907222945765419,0.556144420481996,-0.655784080917686,0.177561991477149,-0.672060801772498,-0.546310157800839,0.263851710273004
2026-02-09,0.894936213401808,-0.659577724916378,0.718667450766231,-0.268532113848473,0.451648028715621,0.581522559089436,-0.155440607179278,1.24393289701849,-0.37399372330263,-0.29946481983041,2.31554633129143
2026-02-10,1.34983986281513,-1.17631621133025,0.465027784355954,-0.163815894675442,-0.815788987312446,0.770166161992853,-1.04050931864725,-0.077143394007995,0.721772607365728,1.49071526269049,-0.951677803949483
2026-02-11,0.97104651869364,0.232044815594165,0.113855382582366,-0.69317709232694,-0.704100982088734,0.956178470291025,-1.33146458081841,-1.04674822136006,-0.440700420882357,-1.60142346350081,-0.59725031866741
2026-02-12,0.951700772297067,-0.614790887807188,-0.206134024663473,-1.10570641979023,-0.724166658955358,0.292268868802478,0.655209972617956,0.0502495228340453,0.176326232750126,1.93072006120591,-1.38921941206011
2026-02-13,1.15262926615002,1.54496287891797,-0.350450468738661,0.434862370750853,-0.672143162826597,0.011142834964541,-0.260163326841574,0.207928627204281,-0.403134004218654,0.970522760907154,0.696531181753152
2026-02-14,1.34844773854971,-1.51485245938809,-0.322798939703073,-0.647254689368405,-0.811682866084968,-0.505946640258153,0.476286205388823,0.279709934274897,2.84692142948632,-0.756757093984163,0.0706069443837499
2026-02-15,1.49668241971444,-0.64334469984002,0.339208213181667,-0.250354748972558,-0.907222945765419,-0.50235777968946,-0.655784080917686,1.32826519356421,-0.672060801772498,-0.546310157800839,-0.434917103171468
2026-02-16,1.2587591610406,0.0966529064222627,-0.296111379954985,-0.268532113848473,-0.863767821215365,-0.476979641082021,-0.155440607179278,0.0932296949314305,-0.37399372330263,-0.29946481983041,-1.17829773593094
2026-02-17,0.987520469663545,0.33614505134703,0.0140149707020799,-1.98100101068057,-0.815788987312446,-0.288336038178604,-1.77169457813799,-0.077143394007995,-1.50261858232871,-1.19441650689285,-0.951677803949483
